ingredient,adverse_event,count,PRR05
CALCIUM/POTASSIUM SALT OF HYDROXYCITRIC ACID,ELEVATED MOOD,3,4.59714608866329
CALCIUM-POTASSIUM SALT OF (-)-HYDROXYCITRIC ACID,ELEVATED MOOD,3,4.57937748648358
(4-AMINOBUTYL)GUANIDINIUM SULPHATE,HYPERTHERMIA,3,3.74747219948564
D-GLUCURONO-GAMMA-LACTONE,HEART RATE ABNORMAL,3,3.67377980323459
Creatine,GLOMERULAR FILTRATION RATE DECREASED,3,3.56413539761604
Irvingia gabonensis,ELEVATED MOOD,3,3.39510425960905
Citicoline,VITAMIN B12 INCREASED,3,3.36993585971136
MIXED STEROLS,DYSURIA,8,3.34166343036579
WITH PYGEUM,DYSURIA,8,3.34166343036579
PIPER NIGRUM,ELEVATED MOOD,3,3.29743022896203
SUGARS,HEPATIC CIRRHOSIS,6,3.25394985345519
Garcinia,ELEVATED MOOD,3,3.21442291247365
Malic Acid,VITAMIN B12 INCREASED,3,3.15231224884776
Citicoline,DEATH,6,3.036100616938
HYDROXAGEN PLUS   <P CLASS='INDENT01B' DATA-INGID='15985'>GARCINIA CAMBOGIA EXTRACT(STANDARDIZED FOR 5% ROSAVINS);</P>,HEPATOCELLULAR INJURY,9,3.00915601029493
HYDROXYTEA   <P CLASS='INDENT01B' DATA-INGID='16160'>GREEN TEA EXTRACT(STANDARDIZED FOR 5% GINGEROLS);</P><P CLASS='INDENT01B' DATA-INGID='8782'>RASPBERRY KETONE;</P><P CLASS='INDENT01B' DATA-INGID='18405'>QUERCETIN DIHYDRATE (AS FAVA D'ANTA);</P>,HEPATOCELLULAR INJURY,9,3.00915601029493
"(2R)-2-(ACETYLOXY)-3-CARBOXY-N,N,N-TRIMETHYL-1-PROPANAMINIUM INNER SALT",PSYCHOTIC DISORDER,3,3.00521324267413
Vitamin B12,ONYCHOMYCOSIS,14,2.99374809934927
CALCIUM/POTASSIUM SALT OF HYDROXYCITRIC ACID,DRUG-INDUCED LIVER INJURY,4,2.96291612432325
FREE PLANT STEROLS,BLOOD URINE PRESENT,174,2.95694334966589
CALCIUM-POTASSIUM SALT OF (-)-HYDROXYCITRIC ACID,DRUG-INDUCED LIVER INJURY,4,2.94511027042722
CITRUS PARADISI,ACUTE HEPATIC FAILURE,3,2.9251538737119
D-GLUCURONOLACTONE,VITAMIN B12 INCREASED,3,2.92413223933058
HYDROXAGEN PLUS   <P CLASS='INDENT01B' DATA-INGID='15985'>GARCINIA CAMBOGIA EXTRACT(STANDARDIZED FOR 5% ROSAVINS);</P>,HYPERBILIRUBINAEMIA,3,2.90183741907751
HYDROXYTEA   <P CLASS='INDENT01B' DATA-INGID='16160'>GREEN TEA EXTRACT(STANDARDIZED FOR 5% GINGEROLS);</P><P CLASS='INDENT01B' DATA-INGID='8782'>RASPBERRY KETONE;</P><P CLASS='INDENT01B' DATA-INGID='18405'>QUERCETIN DIHYDRATE (AS FAVA D'ANTA);</P>,HYPERBILIRUBINAEMIA,3,2.90183741907751
Boswellia,HEPATITIS ACUTE,3,2.84289495418136
Malic Acid,DEATH,6,2.81728590247375
FREE PLANT STEROLS,HAEMATOSPERMIA,10,2.80839619461723
(4-AMINOBUTYL)GUANIDINIUM SULPHATE,BLOOD CREATINE PHOSPHOKINASE INCREASED,6,2.77135494570219
Silicon,BLOOD URINE PRESENT,174,2.75590226259268
Indian Gooseberry,EMERGENCY CARE EXAMINATION,3,2.74085285211051
TOTAL CARBOHYDRATES,HEPATIC CIRRHOSIS,6,2.737726840355
FREE PLANT STEROLS,UROGENITAL HAEMORRHAGE,7,2.6797381080654
Beta-Sitosterol,DYSURIA,8,2.67110647716921
L-Citrulline,HYPERTHERMIA,3,2.62727752902166
FREE PLANT STEROLS,PENILE HAEMORRHAGE,6,2.61666231191841
N-(AMINOIMINOMETHYL)-N-METHYLGLYCINE,BLOOD CREATINE PHOSPHOKINASE INCREASED,4,2.61207704965192
Silicon,HAEMATOSPERMIA,10,2.60855352121167
D-GLUCURONOLACTONE,DEATH,6,2.58811124408137
FREE PLANT STEROLS,URINARY RETENTION,29,2.5705787805939
Boron,BLOOD URINE PRESENT,176,2.56527722918797
CALCIUM/POTASSIUM SALT OF HYDROXYCITRIC ACID,BIOPSY LIVER ABNORMAL,3,2.54028286474884
CALCIUM-POTASSIUM SALT OF (-)-HYDROXYCITRIC ACID,BIOPSY LIVER ABNORMAL,3,2.5225041763242
CALCIUM/POTASSIUM SALT OF HYDROXYCITRIC ACID,LIPASE INCREASED,3,2.50164980257491
Pomegranate,THYROIDITIS ACUTE,3,2.49520019449554
CALCIUM/POTASSIUM SALT OF HYDROXYCITRIC ACID,SOMNOLENCE,6,2.48694624560798
CALCIUM-POTASSIUM SALT OF (-)-HYDROXYCITRIC ACID,LIPASE INCREASED,3,2.48387105696463
Silicon,UROGENITAL HAEMORRHAGE,7,2.47995238153851
PLECTRANTHUS BARBATUS,EMOTIONAL DISTRESS,6,2.47472773879818
DRIED BLACK PEPPER EXTRACT,OEDEMA,3,2.47253488302939
CALCIUM-POTASSIUM SALT OF (-)-HYDROXYCITRIC ACID,SOMNOLENCE,6,2.46909205334941
Phenylalanine,VITAMIN B12 INCREASED,3,2.4598904580614
Carrageenan,PHOTOPHOBIA,3,2.45312907831542
CALAMARINE OIL CONCENTRATE,BLOOD PRESSURE INCREASED,3,2.42670751184987
Silicon,PENILE HAEMORRHAGE,6,2.41689818902313
Silicon,URINARY RETENTION,30,2.41285221104633
Creatine,BLOOD CREATINE PHOSPHOKINASE INCREASED,6,2.40904628140383
Boron,HAEMATOSPERMIA,10,2.40564488335961
Caffeine,METABOLIC ACIDOSIS,5,2.39555729776822
Creatine,RHABDOMYOLYSIS,5,2.39377977691144
MARINE LIPID COMPLEX,OEDEMA,3,2.38387555441808
(4-AMINOBUTYL)GUANIDINIUM SULPHATE,CARDIAC ARREST,3,2.38041079759488
Rhodiola,HYPERTHERMIA,3,2.37557985232429
PLECTRANTHUS BARBATUS,INJURY,4,2.36040564933243
FREE PLANT STEROLS,PROSTATOMEGALY,19,2.35306068517221
Rhodiola,TROPONIN I INCREASED,3,2.34646896541622
"(2R)-2-(ACETYLOXY)-3-CARBOXY-N,N,N-TRIMETHYL-1-PROPANAMINIUM INNER SALT",AGGRESSION,3,2.31412490294528
SUGAR,RASH,3,2.2869512425778
Citicoline,TRANSIENT ISCHAEMIC ATTACK,3,2.27883783817108
Boron,UROGENITAL HAEMORRHAGE,7,2.27709099206105
Malic Acid,SLEEP DISORDER,3,2.2661827055956
Tyrosine,METABOLIC ACIDOSIS,3,2.24910132434892
CINNAMOMUM BURMANNII,BLOOD CREATINE PHOSPHOKINASE INCREASED,4,2.23451974380641
Silicon,PROSTATOMEGALY,20,2.21883430222191
Boron,PENILE HAEMORRHAGE,6,2.21405472903499
Boron,URINARY RETENTION,30,2.20971914090464
FREE PLANT STEROLS,PROSTATIC DISORDER,9,2.18437468758394
DHEA,AGGRESSION,3,2.1738877110455
ROSMARINUS OFFICINALIS,HEPATIC FAILURE,3,2.16547592307173
FREE PLANT STEROLS,HAEMORRHAGE,68,2.1545158765637
Wine,METABOLIC ACIDOSIS,3,2.12546401405295
Phenylalanine,DEATH,6,2.12243605738132
CALORIES,URINE URIC ACID ABNORMAL,3,2.10834167594349
PHOSPHORE,PRODUCTIVE COUGH,3,2.09791686099962
SUPERCITRIMAX GARCINIA CAMBOGIA [FRUIT RIND] EXTRACT,RASH,3,2.09245847431782
Vitamin B12,NAIL INJURY,14,2.07461821741561
Red Clover,LIVER FUNCTION TEST ABNORMAL,3,2.0631693024865
Black Cohosh,DRUG-INDUCED LIVER INJURY,3,2.06051929120137
CALCIUM/POTASSIUM SALT OF HYDROXYCITRIC ACID,IRRITABILITY,4,2.05433470802454
Parsley,YELLOW SKIN,3,2.05376050975343
FREE PLANT STEROLS,GASTRIC HAEMORRHAGE,8,2.05058926258929
CALCAREA MURIATICA,HIP FRACTURE,3,2.04308137675665
CALCIUM-POTASSIUM SALT OF (-)-HYDROXYCITRIC ACID,IRRITABILITY,4,2.03652748296787
L-Arginine,HYPERTHERMIA,3,2.03572534614854
Hawthorn,ABASIA,3,2.02874968147113
HYDROXAGEN PLUS   <P CLASS='INDENT01B' DATA-INGID='15985'>GARCINIA CAMBOGIA EXTRACT(STANDARDIZED FOR 5% ROSAVINS);</P>,CARDIAC ENZYMES INCREASED,3,2.02631428786665
HYDROXYTEA   <P CLASS='INDENT01B' DATA-INGID='16160'>GREEN TEA EXTRACT(STANDARDIZED FOR 5% GINGEROLS);</P><P CLASS='INDENT01B' DATA-INGID='8782'>RASPBERRY KETONE;</P><P CLASS='INDENT01B' DATA-INGID='18405'>QUERCETIN DIHYDRATE (AS FAVA D'ANTA);</P>,CARDIAC ENZYMES INCREASED,3,2.02631428786665
Irvingia gabonensis,CHOLECYSTITIS,4,2.02347896064919
Boron,PROSTATOMEGALY,20,2.01579468103494
Gelatin,THYROID FUNCTION TEST ABNORMAL,3,1.99615540340131
Methionine,PARTIAL SEIZURES,3,1.99011734454247
N-(AMINOIMINOMETHYL)-N-METHYLGLYCINE MONOHYDRATE,BLOOD CREATINE PHOSPHOKINASE INCREASED,6,1.98852834984757
HYDROXAGEN PLUS   <P CLASS='INDENT01B' DATA-INGID='15985'>GARCINIA CAMBOGIA EXTRACT(STANDARDIZED FOR 5% ROSAVINS);</P>,HEPATIC FUNCTION ABNORMAL,10,1.98812668170257
HYDROXYTEA   <P CLASS='INDENT01B' DATA-INGID='16160'>GREEN TEA EXTRACT(STANDARDIZED FOR 5% GINGEROLS);</P><P CLASS='INDENT01B' DATA-INGID='8782'>RASPBERRY KETONE;</P><P CLASS='INDENT01B' DATA-INGID='18405'>QUERCETIN DIHYDRATE (AS FAVA D'ANTA);</P>,HEPATIC FUNCTION ABNORMAL,10,1.98812668170257
Silicon,PROSTATIC DISORDER,9,1.98454123220349
Citicoline,MYOCARDIAL INFARCTION,6,1.98392791888583
GREEN TEA LEAF EXTRACT,PARANOIA,4,1.98338946209532
Malic Acid,MYOCARDIAL INFARCTION,7,1.98057888535543
Silicon,HAEMORRHAGE,69,1.9710121288595
FREE PLANT STEROLS,HAEMATOCHEZIA,59,1.96907700547714
Creatine,BLOOD CREATININE INCREASED,4,1.96524688452322
Citicoline,CONVULSION,8,1.95910355931394
MIXED STEROLS,RENAL FAILURE,3,1.95197928014518
WITH PYGEUM,RENAL FAILURE,3,1.95197928014518
CALORIES,BRAIN INJURY,3,1.94966945102144
Hyssop,DEHYDRATION,9,1.93366937960364
Boron,PROSTATIC DISORDER,10,1.92687883151927
Muira Puama,EMOTIONAL DISTRESS,6,1.91184881647337
SODIUM,THIRST,3,1.90691198517259
Carrageenan,LETHARGY,3,1.89323879190365
(4-AMINOBUTYL)GUANIDINIUM SULPHATE,BLOOD CREATININE INCREASED,3,1.88355846573357
"2-(3,4-DIHYDROXYPHENYL)-3,5,7-TRIHYDROXY-4H-1-BENZOPYRAN-4-ONE",PYREXIA,3,1.88102864345499
Baikal Skullcap,ANGER,3,1.87968507103303
GIANT PACIFIC OYSTER,ALOPECIA,5,1.8710799677133
MALPIGHIA PUNICIFOLIA LINNE,ALOPECIA,5,1.8710799677133
Silicon,GASTRIC HAEMORRHAGE,8,1.85077429960488
CALCIUM/POTASSIUM SALT OF HYDROXYCITRIC ACID,ASPARTATE AMINOTRANSFERASE INCREASED,10,1.84575410637219
OCIMUM BASILICUM,ABDOMINAL PAIN UPPER,3,1.84219626384564
Tomato,FEELING OF BODY TEMPERATURE CHANGE,4,1.84195416239338
B VITAMIN BLEND,MYOCARDIAL INFARCTION,3,1.83530909211566
EVODIA RUTAECARPA FRUIT EXTRACT,MYOCARDIAL INFARCTION,3,1.83530909211566
RAUWOLFIA VOMITORIA ROOT BARK EXTRACT,MYOCARDIAL INFARCTION,3,1.83530909211566
SIMPRO(R),MYOCARDIAL INFARCTION,3,1.83530909211566
SLIMPRO,MYOCARDIAL INFARCTION,3,1.83530909211566
SUPER HD NOOTROPIC & CNS SUPPORT BLEND:,MYOCARDIAL INFARCTION,3,1.83530909211566
SUPER HD THERMOSCULPTING BLEND,MYOCARDIAL INFARCTION,3,1.83530909211566
SUPER HD THERMOSCULPTING(TM) BLEND,MYOCARDIAL INFARCTION,3,1.83530909211566
SUPERHD SENSORY IMPACT BLEND,MYOCARDIAL INFARCTION,3,1.83530909211566
"1-CARBOXY-N,N,N-TRIMETHYLMETHANAMINIUM CHLORIDE",BLOOD ELECTROLYTES DECREASED,3,1.83257222408145
CALCIUM-POTASSIUM SALT OF (-)-HYDROXYCITRIC ACID,ASPARTATE AMINOTRANSFERASE INCREASED,10,1.8278218700544
Molybdenum,BLOOD URINE PRESENT,179,1.82606129821248
DRIED PINE BARK EXTRACT,CHOLECYSTITIS,3,1.81713111268524
POMEGRANATE RIND EXTRACT,CHOLECYSTITIS,3,1.81713111268524
ALLIUM SATIVUM,TYPE 2 DIABETES MELLITUS,3,1.80720150391903
RHODIOLA ROOT EXTRACT,CHOLECYSTITIS,3,1.79902368919539
Muira Puama,INJURY,4,1.79823567893662
PERILLA FRUTESCENS,IRRITABILITY,3,1.79506443310842
Rhodiola,BLOOD CREATINE PHOSPHOKINASE INCREASED,8,1.79410943596284
Wheat Bran,BACTERIAL INFECTION,5,1.79176883319537
Silicon,HAEMATOCHEZIA,60,1.78823810619492
Bear's Garlic,SKIN LESION,3,1.78115908573753
FREE PLANT STEROLS,SCROTAL SWELLING,3,1.78085860533051
FREE PLANT STEROLS,HOSPITALISATION,23,1.77688687843803
Cranberry,ORTHOSTATIC HYPOTENSION,3,1.77667702638464
DANDELION ROOT EXTRACT,MYOCARDIAL INFARCTION,3,1.77624120573013
BERBERIS ARISTATA ROOT BARK EXTRACT,HYPERHIDROSIS,3,1.77301833391348
NARINGIN,HYPERHIDROSIS,4,1.77257347827267
Boron,HAEMORRHAGE,69,1.76759408881521
Irvingia gabonensis,DRUG-INDUCED LIVER INJURY,4,1.75940009450081
Folic Acid,APOPTOSIS,3,1.75593049278497
Folic Acid,FAT TISSUE INCREASED,3,1.75593049278497
Folic Acid,HEPATIC FIBROSIS,3,1.75593049278497
Ashitaba,LOSS OF CONSCIOUSNESS,3,1.7472324156518
FISH OIL CONCENTRATE,CHOKING,4,1.74520732450398
"(ALL-E)-3,7-DIMETHYL-9-(2,6,6-TRIMETHYL-1-CYCLOHEXEN-1-YL)-2,4,6,8-NONATETRAEN-1-OL PALMITATE",TRICHORRHEXIS,4,1.74186793370384
Tyrosine,HYPERTHERMIA,3,1.74031756582314
"1-CARBOXY-N,N,N-TRIMETHYLMETHANAMINIUM CHLORIDE",DIVERTICULITIS,3,1.73975009939774
OCIMUM BASILICUM,DIARRHOEA,4,1.73879895974299
"(R)-1,2-DITHIOLANE-3-PENTANOIC ACID",PANCREATITIS,3,1.73489136152993
Hyssop,RENAL FAILURE,3,1.72964702393337
Yucca,PANCREATITIS,3,1.71976993469428
Sweet Orange,HAEMOGLOBIN INCREASED,5,1.70739508598767
Zizyphus,IRRITABILITY,3,1.70581513215144
L-Citrulline,CARDIAC ARREST,4,1.70278296240049
Theanine,EMOTIONAL DISTRESS,6,1.70111687572479
Histidine,TACHYCARDIA,3,1.70028653856618
FENUGREEK EXTRACT,HYPERHIDROSIS,3,1.69946789605857
MAGNOLIA OFFICINALIS,IRRITABILITY,3,1.69926848571561
Tyrosine,BLOOD CREATINE PHOSPHOKINASE INCREASED,12,1.69786448068424
CALCIUM/POTASSIUM SALT OF HYDROXYCITRIC ACID,ALANINE AMINOTRANSFERASE INCREASED,9,1.69550495756261
Poria Mushroom,IRRITABILITY,3,1.69276438543179
GINGKO BILOBA EXTRACT,CONVULSION,3,1.6910765364394
BENTONITE,DEHYDRATION,6,1.68623668359666
Bilberry,BRONCHITIS,3,1.68517507005371
"RIBO-2,3,4,5-TETRAHYDROXYVALERALDEHYDE, D-",FACE OEDEMA,3,1.67956110864195
CALCIUM-POTASSIUM SALT OF (-)-HYDROXYCITRIC ACID,ALANINE AMINOTRANSFERASE INCREASED,9,1.67759046591504
Glucosamine Sulfate,CHEST X-RAY ABNORMAL,3,1.67464162747582
L-THREONINE,TACHYCARDIA,3,1.67336529745209
"1-[(2E,4E)-5-(1,3-BENZODIOXOL-5-YL)-1-OXO-2,4-PENTADIENYL]PIPERIDINE",PANCREATITIS,3,1.66857495519161
PASSIONFLOWER EXTRACT,TENDERNESS,3,1.66390656004918
PIPER NIGRUM,DRUG-INDUCED LIVER INJURY,4,1.66166732867442
AMLA FRUIT EXTRACT,MYOCARDIAL INFARCTION,3,1.65063282997861
Molybdenum,HAEMATOSPERMIA,10,1.64911581896449
Boron,GASTRIC HAEMORRHAGE,8,1.64788865028539
L-Citrulline,BLOOD CREATINE PHOSPHOKINASE INCREASED,6,1.64737591855977
PIPER NIGRUM,EMOTIONAL DISTRESS,6,1.64565988329968
LACTOBACILLUS DELBRUECKII SUBSP. BULGARICUS,SCAB,3,1.64563156300226
N-(AMINOIMINOMETHYL)-N-METHYLGLYCINE MONOHYDRATE,RHABDOMYOLYSIS,4,1.64429700208995
Boron,HAEMATOCHEZIA,63,1.64156308180745
BENTONITE,PHARYNGEAL OEDEMA,3,1.63980426071461
Turmeric,MULTI-ORGAN FAILURE,3,1.63933303042723
ALL-TRANS-LYCOPENE,PAIN IN JAW,3,1.63719337550662
CINNAMON BARK EXTRACT,HYPERHIDROSIS,3,1.63095686033026
Alpha-Alanine,MUSCLE SPASMS,3,1.62593006248027
Pumpkin,INTERNATIONAL NORMALISED RATIO DECREASED,3,1.6220163134076
SHILAJIT,URTICARIA,6,1.61907528696195
Fructo-Oligosaccharides,SCAB,3,1.61792334150241
Wine,HYPERTHERMIA,3,1.61667734662416
Neem,HYPERSENSITIVITY,3,1.61461090413286
CALORIES,THIRST,3,1.61443471155668
CAPSICUM ANNUUM VAR. ANNUUM,PANCREATITIS,3,1.61310396501033
L-Arginine,BLOOD CREATINE PHOSPHOKINASE INCREASED,9,1.61294700277935
Yohimbe,BLOOD CREATINE PHOSPHOKINASE INCREASED,4,1.6122854662427
D-GLUCURONO-GAMMA-LACTONE,HYPERHIDROSIS,3,1.60912431159083
FREE PLANT STEROLS,BLADDER DISORDER,5,1.60304035118513
LACTOBACILLUS GASSERI,SCAB,3,1.60242765409003
L-Arginine,BLOOD CREATININE INCREASED,8,1.60157664633719
OTHER OMEGA-3 FATTY ACIDS,URTICARIA,3,1.59750385311463
ROSEMARY EXTRACT,CEREBROVASCULAR ACCIDENT,4,1.59527308610228
Theanine,INJURY,4,1.5876815265194
Parsley,HEPATIC FUNCTION ABNORMAL,3,1.58382945264766
Glycine,HEPATOMEGALY,3,1.5828488116423
Goldenseal,SKIN DISCOLOURATION,3,1.58214505409117
L-Citrulline,TACHYCARDIA,9,1.58193086952626
WITHANIA SOMNIFERA,BLOOD ELECTROLYTES DECREASED,3,1.58148570547284
Silicon,SCROTAL SWELLING,3,1.58116895171186
Willow Bark,SKIN LESION,3,1.57953313613912
Garcinia,DRUG-INDUCED LIVER INJURY,4,1.57861442498063
Silicon,HOSPITALISATION,23,1.57684019058371
Molybdenum,URINARY RETENTION,33,1.57167341157874
Caffeine,HAEMORRHAGIC STROKE,3,1.56716341824244
OMEGA-3 OTHER,CHOKING,3,1.56551804493848
BIFIDOBACTERIUM BIFIDUM G9-1,FLATULENCE,3,1.56111610664459
BIFIDOBACTERIUM LONGUM MM-2,FLATULENCE,3,1.56111610664459
LACTOBACILLUS GASSERI KS-13,FLATULENCE,3,1.56111610664459
(4-AMINOBUTYL)GUANIDINIUM SULPHATE,TACHYCARDIA,4,1.5593400233855
Malic Acid,CONVULSION,7,1.55657681494355
PERILLA FRUTESCENS,ACNE,3,1.55154638270424
Taurine,DEATH,8,1.54167659740235
PHOSPHORE,EYE HAEMORRHAGE,3,1.53841977202809
Terminalia,URTICARIA,7,1.53792916629975
D-GLUCURONOLACTONE,MYOCARDIAL INFARCTION,6,1.53590425125342
L-Citrulline,BLOOD CREATININE INCREASED,5,1.53376372253437
Caffeine,HYPERTHERMIA,4,1.5330475380601
PIPER NIGRUM,INJURY,4,1.53226539439953
ALL-TRANS-LYCOPENE,MUSCULOSKELETAL PAIN,4,1.52979760796332
Cassia Cinnamon,INFLUENZA,3,1.5228513134697
Molybdenum,UROGENITAL HAEMORRHAGE,7,1.52067328644302
L-Arginine,RHABDOMYOLYSIS,7,1.51739180255293
APIS MELLIFERA,PANCREATITIS,3,1.51061251714479
Devil's Claw,EMOTIONAL DISTRESS,6,1.5083571194941
CALORIES,HYPERCHOLESTEROLAEMIA,4,1.50092258750725
Hesperidin,SKIN EXFOLIATION,5,1.50085873866969
Cocoa,BLOOD SODIUM DECREASED,3,1.5006868298937
LACTOBACILLUS SALIVARIUS,SCAB,3,1.50019368267663
Maritime Pine,CHOLECYSTITIS,3,1.49720978202831
CALCIUM/POTASSIUM SALT OF HYDROXYCITRIC ACID,PANCREATITIS,3,1.49251128423696
Policosanol,FACE OEDEMA,3,1.49073483693768
Tyrosine,DEATH,9,1.48635059892726
Taurine,VITAMIN B12 INCREASED,3,1.48144880656427
CINNAMON BARK EXTRACT,DEHYDRATION,4,1.47634964920449
D-GLUCURONO-GAMMA-LACTONE,CONVULSION,3,1.47496060041461
CALCIUM-POTASSIUM SALT OF (-)-HYDROXYCITRIC ACID,PANCREATITIS,3,1.4747316141328
FREE PLANT STEROLS,HAEMORRHAGE URINARY TRACT,4,1.47399708992649
Raspberry Ketone,ASPARTATE AMINOTRANSFERASE INCREASED,4,1.47312005639044
Indole-3-Carbinol,BURNING SENSATION,3,1.47092202292602
Black Cohosh,HEPATIC STEATOSIS,3,1.47079848931752
DRIED PINE BARK EXTRACT,EAR INFECTION,3,1.4698887915441
POMEGRANATE RIND EXTRACT,EAR INFECTION,3,1.4698887915441
Wheat Bran,COLITIS,4,1.46918474733485
Club Moss,MYOCARDIAL INFARCTION,3,1.46634148067057
HYDROXAGEN PLUS   <P CLASS='INDENT01B' DATA-INGID='15985'>GARCINIA CAMBOGIA EXTRACT(STANDARDIZED FOR 5% ROSAVINS);</P>,HEPATIC NECROSIS,5,1.46327736941173
HYDROXYTEA   <P CLASS='INDENT01B' DATA-INGID='16160'>GREEN TEA EXTRACT(STANDARDIZED FOR 5% GINGEROLS);</P><P CLASS='INDENT01B' DATA-INGID='8782'>RASPBERRY KETONE;</P><P CLASS='INDENT01B' DATA-INGID='18405'>QUERCETIN DIHYDRATE (AS FAVA D'ANTA);</P>,HEPATIC NECROSIS,5,1.46327736941173
Zizyphus,ACNE,3,1.46229632790451
Passion Flower,IRRITABILITY,3,1.46217072092112
CALORIES,HEPATIC CIRRHOSIS,6,1.45812944520077
Molybdenum,PENILE HAEMORRHAGE,6,1.45767929947652
"RIBO-2,3,4,5-TETRAHYDROXYVALERALDEHYDE, D-",PANCREATITIS,3,1.45726227645385
Maca,CYSTITIS,3,1.45580822963054
MAGNOLIA OFFICINALIS,ACNE,3,1.45574962879547
Caffeine,PULSE ABSENT,3,1.45394013757911
Dandelion,HEPATIC FAILURE,5,1.45257494824652
Irvingia gabonensis,HYPOKALAEMIA,4,1.45251693920796
RHODIOLA ROOT EXTRACT,EAR INFECTION,3,1.45178115032861
HYDROXAGEN PLUS   <P CLASS='INDENT01B' DATA-INGID='15985'>GARCINIA CAMBOGIA EXTRACT(STANDARDIZED FOR 5% ROSAVINS);</P>,FAECES PALE,5,1.45049466296465
HYDROXYTEA   <P CLASS='INDENT01B' DATA-INGID='16160'>GREEN TEA EXTRACT(STANDARDIZED FOR 5% GINGEROLS);</P><P CLASS='INDENT01B' DATA-INGID='8782'>RASPBERRY KETONE;</P><P CLASS='INDENT01B' DATA-INGID='18405'>QUERCETIN DIHYDRATE (AS FAVA D'ANTA);</P>,FAECES PALE,5,1.45049466296465
Berberine,HYPERHIDROSIS,3,1.44975314167064
Poria Mushroom,ACNE,3,1.44924547652361
Nattokinase,BLOOD PRESSURE INCREASED,4,1.44908041923522
Cocoa,PANCREATITIS,4,1.4468485147064
Methionine,HAIR GROWTH ABNORMAL,8,1.44349485694686
HYDROXAGEN PLUS   <P CLASS='INDENT01B' DATA-INGID='15985'>GARCINIA CAMBOGIA EXTRACT(STANDARDIZED FOR 5% ROSAVINS);</P>,PROTHROMBIN TIME PROLONGED,3,1.44181144629013
HYDROXYTEA   <P CLASS='INDENT01B' DATA-INGID='16160'>GREEN TEA EXTRACT(STANDARDIZED FOR 5% GINGEROLS);</P><P CLASS='INDENT01B' DATA-INGID='8782'>RASPBERRY KETONE;</P><P CLASS='INDENT01B' DATA-INGID='18405'>QUERCETIN DIHYDRATE (AS FAVA D'ANTA);</P>,PROTHROMBIN TIME PROLONGED,3,1.44181144629013
POLY-(1->3)-N-ACELTYL-2-AMINO-2-DEOXY-3-O-BETA-D-GLUCOPYRANUROSYL-4-(OR 6-)SULFONYL-D-GALACTOSE,PHARYNGITIS,4,1.44131118008269
L-Arginine,CARDIAC ARREST,5,1.44073774886824
ILEX PARAGUARIENSIS,BLOOD CREATININE INCREASED,4,1.43940965856277
Aloe,CHOLECYSTITIS,4,1.43841727855603
FREE PLANT STEROLS,RECTAL HAEMORRHAGE,18,1.43752031382587
(S)-2-AMINO-3-METHYLBUTANOIC ACID,TACHYCARDIA,4,1.4373195895155
Potassium,POSTMENOPAUSAL HAEMORRHAGE,3,1.433395680566
Caffeine,MYOGLOBIN BLOOD INCREASED,3,1.4327560503459
BLUEBERRY POWDER,CEREBROVASCULAR ACCIDENT,4,1.4321641445286
Green Coffee,HEPATOCELLULAR INJURY,3,1.429710670717
Betaine Hydrochloride,DIVERTICULITIS,3,1.42880047969894
Selenium,BLOOD URINE PRESENT,181,1.42423348154946
Artichoke,PANIC ATTACK,4,1.42420948871863
D-GLUCURONO-GAMMA-LACTONE,ANXIETY,3,1.42269536417406
FREE PLANT STEROLS,PROSTATIC SPECIFIC ANTIGEN INCREASED,6,1.41609967358546
Glutamine,HEPATIC NECROSIS,4,1.4146513627721
Green Coffee,EMOTIONAL DISTRESS,6,1.41450373962093
Caffeine,DRUG SCREEN POSITIVE,3,1.41201135009765
Baikal Skullcap,IRRITABILITY,3,1.4119614142233
Caffeine,BLOOD CREATINE PHOSPHOKINASE INCREASED,16,1.41010847325953
Caffeine,HEART RATE ABNORMAL,8,1.40571164842525
Melatonin,NIGHTMARE,3,1.40506265411019
Silicon,BLADDER DISORDER,5,1.40329078299028
TOTAL CARBOHYDRATE,BACTERIAL INFECTION,5,1.39994548500961
Phosphatidylserine,HYPOTRICHOSIS,3,1.39783025060462
Senna,BLOOD ALKALINE PHOSPHATASE INCREASED,4,1.39772118553753
VACCINIUM MACROCARPON AITON (ERICACEAE),URINARY TRACT INFECTION,4,1.39673965760902
Devil's Claw,INJURY,4,1.39505452394066
Flaxseed Oil,VITAMIN B12 INCREASED,3,1.39375782803733
Melatonin,INTERNATIONAL NORMALISED RATIO DECREASED,3,1.39203061610948
Papain,CHOLESTASIS,3,1.3866384003128
Molybdenum,PROSTATOMEGALY,22,1.3808181224423
Boron,SCROTAL SWELLING,3,1.37838731394239
ACTINIDIA CHINENSIS,PALPITATIONS,4,1.37757417900418
ARGANIA SPINOSA,PALPITATIONS,4,1.37757417900418
MANGIFERA INDICA,PALPITATIONS,4,1.37757417900418
PERSEA AMERICANA,PALPITATIONS,4,1.37757417900418
Hyaluronic Acid,HEPATIC FUNCTION ABNORMAL,3,1.37692410854575
Boron,HOSPITALISATION,23,1.37376249426918
Potassium,HEPATOCELLULAR INJURY,9,1.37043087047664
Wild Yam,PANCREATIC DISORDER,3,1.36998810060797
DANDELION POWDER EXTRACT,CONSTIPATION,3,1.36967469753544
PEPPERMINT POWDER,CONSTIPATION,3,1.36967469753544
HYDROXAGEN PLUS   <P CLASS='INDENT01B' DATA-INGID='15985'>GARCINIA CAMBOGIA EXTRACT(STANDARDIZED FOR 5% ROSAVINS);</P>,HEPATITIS ACUTE,4,1.36810304324765
HYDROXYTEA   <P CLASS='INDENT01B' DATA-INGID='16160'>GREEN TEA EXTRACT(STANDARDIZED FOR 5% GINGEROLS);</P><P CLASS='INDENT01B' DATA-INGID='8782'>RASPBERRY KETONE;</P><P CLASS='INDENT01B' DATA-INGID='18405'>QUERCETIN DIHYDRATE (AS FAVA D'ANTA);</P>,HEPATITIS ACUTE,4,1.36810304324765
Sage,ABDOMINAL DISTENSION,3,1.36716374823802
PROTEIN,RASH MACULAR,3,1.36454070739618
TOTAL CARBOHYDRATE,POISONING,7,1.36418753996249
PLECTRANTHUS BARBATUS,HEPATIC FUNCTION ABNORMAL,3,1.35429276690131
(BETA-HYDROXYETHYL)TRIMETHYLAMMONIUM,HYPERTHERMIA,3,1.34857639348116
Astaxanthin,AMNESIA,3,1.34763626110315
SODIUM,HYPERCHOLESTEROLAEMIA,3,1.34754061937303
Chromium,BLOOD URINE PRESENT,180,1.34445833471873
Methionine,WOUND,6,1.34357371545977
"(3R,3'R,6'R)-BETA,EPSILON-CAROTENE-3,3'-DIOL",PRODUCTIVE COUGH,3,1.34283922971859
Borage,TRICHORRHEXIS,5,1.3422256669963
FREE PLANT STEROLS,PROSTATE CANCER,8,1.34148099329202
Docosahexaenoic Acid,EPISTAXIS,3,1.34056988058063
Irvingia gabonensis,BIOPSY LIVER ABNORMAL,3,1.33784131057084
FREE PLANT STEROLS,CEREBROVASCULAR ACCIDENT,31,1.33010746913375
Cassia Cinnamon,EMOTIONAL DISTRESS,6,1.32987171813929
Goji,PANCREATITIS,3,1.3224481290946
FREE PLANT STEROLS,URINARY HESITATION,8,1.31932078374645
Caffeine,DEATH,13,1.31391071478087
Resveratrol,EAR INFECTION,4,1.31274898002927
CALCIUM/POTASSIUM SALT OF HYDROXYCITRIC ACID,BLOOD ALKALINE PHOSPHATASE INCREASED,4,1.31015324973966
Green Coffee,INJURY,4,1.30125705416213
CALCIUM-POTASSIUM SALT OF (-)-HYDROXYCITRIC ACID,BLOOD ALKALINE PHOSPHATASE INCREASED,4,1.29234553632695
Dandelion,BLOOD CHOLESTEROL INCREASED,4,1.29219586353598
"(ALL-E)-3,7-DIMETHYL-9-(2,6,6-TRIMETHYL-1-CYCLOHEXEN-1-YL)-2,4,6,8-NONATETRAEN-1-OL PALMITATE",ALOPECIA,11,1.28906945738035
LYCOPENE,PROSTATE CANCER,4,1.28614862371626
Irvingia gabonensis,SOMNOLENCE,6,1.28152703806592
Silicon,URINARY HESITATION,9,1.28005272622543
OCIMUM BASILICUM,VOMITING,3,1.27565407754587
Silicon,HAEMORRHAGE URINARY TRACT,4,1.27427429305047
FREE PLANT STEROLS,URINARY TRACT INFECTION,16,1.26332516212739
Zinc,BLOOD URINE PRESENT,192,1.26222510909528
HYDROXAGEN PLUS   <P CLASS='INDENT01B' DATA-INGID='15985'>GARCINIA CAMBOGIA EXTRACT(STANDARDIZED FOR 5% ROSAVINS);</P>,INJURY,4,1.26056313513373
HYDROXYTEA   <P CLASS='INDENT01B' DATA-INGID='16160'>GREEN TEA EXTRACT(STANDARDIZED FOR 5% GINGEROLS);</P><P CLASS='INDENT01B' DATA-INGID='8782'>RASPBERRY KETONE;</P><P CLASS='INDENT01B' DATA-INGID='18405'>QUERCETIN DIHYDRATE (AS FAVA D'ANTA);</P>,INJURY,4,1.26056313513373
SODIUM,BACTERIAL INFECTION,5,1.25615784482377
Ribose,DEHYDRATION,6,1.24858315074398
Alfalfa,BLOOD SODIUM DECREASED,4,1.24773032056049
GIANT PACIFIC OYSTER,PRURITUS,3,1.24157484199674
MALPIGHIA PUNICIFOLIA LINNE,PRURITUS,3,1.24157484199674
Silicon,RECTAL HAEMORRHAGE,18,1.23753583964895
Siberian Ginseng,BLOOD PRESSURE,4,1.23633012204588
Glucomannan,BLOOD ALKALINE PHOSPHATASE INCREASED,4,1.23517572472973
Selenium,HAEMATOSPERMIA,10,1.23507668744679
Selenium,URINARY RETENTION,35,1.2309244934056
PIPER NIGRUM,BLOOD CREATINE PHOSPHOKINASE INCREASED,6,1.22458777841842
Apple Cider Vinegar,DEHYDRATION,7,1.22036490302867
PIPER NIGRUM,ASPARTATE AMINOTRANSFERASE INCREASED,17,1.21901009359529
Cassia Cinnamon,INJURY,4,1.2166711281158
Nattokinase,DIZZINESS,4,1.21651277015925
Silicon,PROSTATIC SPECIFIC ANTIGEN INCREASED,6,1.21632425918109
"(2R)-2-(ACETYLOXY)-3-CARBOXY-N,N,N-TRIMETHYL-1-PROPANAMINIUM INNER SALT",DYSPEPSIA,4,1.21344708112622
Thyme,ALOPECIA,3,1.20277925900956
Silicon,DYSURIA,19,1.20067449432926
Boron,BLADDER DISORDER,5,1.20045940380334
HYDROXAGEN PLUS   <P CLASS='INDENT01B' DATA-INGID='15985'>GARCINIA CAMBOGIA EXTRACT(STANDARDIZED FOR 5% ROSAVINS);</P>,RHABDOMYOLYSIS,6,1.19926691390352
HYDROXYTEA   <P CLASS='INDENT01B' DATA-INGID='16160'>GREEN TEA EXTRACT(STANDARDIZED FOR 5% GINGEROLS);</P><P CLASS='INDENT01B' DATA-INGID='8782'>RASPBERRY KETONE;</P><P CLASS='INDENT01B' DATA-INGID='18405'>QUERCETIN DIHYDRATE (AS FAVA D'ANTA);</P>,RHABDOMYOLYSIS,6,1.19926691390352
Ginkgo,DYSARTHRIA,4,1.1910387762767
Horny Goat Weed,CHEST PAIN,10,1.18719238473736
CORIANDRUM SATIVUM,DIARRHOEA,6,1.18510892218776
Cranberry,DYSPHONIA,6,1.18416858504464
GADUS MORHUA,THROAT TIGHTNESS,4,1.18375621425058
PIPER NIGRUM,SOMNOLENCE,6,1.18371885726561
Tyrosine,EMOTIONAL DISTRESS,6,1.1804263802657
Caffeine,RHABDOMYOLYSIS,11,1.17426912902106
Iron,PREMATURE BABY,8,1.17371668869787
NARINGIN,DEHYDRATION,4,1.17232159943867
COD LIVER OIL,EMOTIONAL DISTRESS,4,1.16901957322024
Capsicum,EMOTIONAL DISTRESS,6,1.16309034874504
Chromium,HAEMATOSPERMIA,10,1.16182692474094
Grape,FOOD POISONING,4,1.15922260285728
Vinpocetine,HEART RATE INCREASED,5,1.15570207879769
ACTINIDIA CHINENSIS,CHEST PAIN,4,1.15379303785542
ARGANIA SPINOSA,CHEST PAIN,4,1.15379303785542
MANGIFERA INDICA,CHEST PAIN,4,1.15379303785542
PERSEA AMERICANA,CHEST PAIN,4,1.15379303785542
HYDROXAGEN PLUS   <P CLASS='INDENT01B' DATA-INGID='15985'>GARCINIA CAMBOGIA EXTRACT(STANDARDIZED FOR 5% ROSAVINS);</P>,CHROMATURIA,14,1.1496525832271
HYDROXYTEA   <P CLASS='INDENT01B' DATA-INGID='16160'>GREEN TEA EXTRACT(STANDARDIZED FOR 5% GINGEROLS);</P><P CLASS='INDENT01B' DATA-INGID='8782'>RASPBERRY KETONE;</P><P CLASS='INDENT01B' DATA-INGID='18405'>QUERCETIN DIHYDRATE (AS FAVA D'ANTA);</P>,CHROMATURIA,14,1.1496525832271
(BETA-HYDROXYETHYL)TRIMETHYLAMMONIUM,WOUND,8,1.14682871305861
GINGER ROOT EXTRACT,HAEMATEMESIS,4,1.14473393870723
BLACK TEA LEAF EXTRACT,HAEMATEMESIS,4,1.14184575895201
Silicon,PROSTATE CANCER,8,1.14166110973283
Capsicum,BLOOD CREATINE PHOSPHOKINASE INCREASED,8,1.14050882896112
Silicon,URINARY TRACT INFECTION,17,1.13992764900113
Vitamin D,HIP FRACTURE,6,1.13798636993744
PIPER NIGRUM,ALANINE AMINOTRANSFERASE INCREASED,16,1.13312025491536
CALCAREA MURIATICA,CHOKING,92,1.13295961564771
Senna,BLOOD BILIRUBIN INCREASED,5,1.13147004495703
Aloe,GASTRITIS,7,1.13038833281934
Silicon,CEREBROVASCULAR ACCIDENT,31,1.12996610934007
Cabbage,DIARRHOEA,37,1.1296533411707
DANDELION POWDER EXTRACT,ABDOMINAL PAIN,5,1.12887286387031
PEPPERMINT POWDER,ABDOMINAL PAIN,5,1.12887286387031
COFFEA CANEPHORA,DEHYDRATION,4,1.12433478729152
Molybdenum,HAEMORRHAGE,76,1.12185709468587
Chromium,URINARY RETENTION,34,1.12145546218288
Branched-chain Amino Acids,TACHYCARDIA,6,1.11694008380279
"(R)-1,2-DITHIOLANE-3-PENTANOIC ACID",URTICARIA,7,1.11449729451194
D-GLUCURONOLACTONE,CONVULSION,6,1.11212483438406
Selenium,UROGENITAL HAEMORRHAGE,7,1.10666750652664
Garcinia,SOMNOLENCE,6,1.10060744191264
WITHANIA SOMNIFERA,URTICARIA,11,1.09981424439785
Cocoa,URTICARIA,12,1.09941127568022
Yucca,URTICARIA,7,1.09927018214842
HYDROXAGEN PLUS   <P CLASS='INDENT01B' DATA-INGID='15985'>GARCINIA CAMBOGIA EXTRACT(STANDARDIZED FOR 5% ROSAVINS);</P>,RENAL DISORDER,7,1.0878044391644
HYDROXYTEA   <P CLASS='INDENT01B' DATA-INGID='16160'>GREEN TEA EXTRACT(STANDARDIZED FOR 5% GINGEROLS);</P><P CLASS='INDENT01B' DATA-INGID='8782'>RASPBERRY KETONE;</P><P CLASS='INDENT01B' DATA-INGID='18405'>QUERCETIN DIHYDRATE (AS FAVA D'ANTA);</P>,RENAL DISORDER,7,1.0878044391644
Corn Silk,VOMITING,6,1.08331232533598
PIPER NIGRUM,IRRITABILITY,5,1.08172078858329
Selenium,PROSTATOMEGALY,24,1.07768696463225
Boron,URINARY HESITATION,9,1.07714702197982
HYDROXAGEN PLUS   <P CLASS='INDENT01B' DATA-INGID='15985'>GARCINIA CAMBOGIA EXTRACT(STANDARDIZED FOR 5% ROSAVINS);</P>,LIVER FUNCTION TEST ABNORMAL,18,1.07345296509174
HYDROXYTEA   <P CLASS='INDENT01B' DATA-INGID='16160'>GREEN TEA EXTRACT(STANDARDIZED FOR 5% GINGEROLS);</P><P CLASS='INDENT01B' DATA-INGID='8782'>RASPBERRY KETONE;</P><P CLASS='INDENT01B' DATA-INGID='18405'>QUERCETIN DIHYDRATE (AS FAVA D'ANTA);</P>,LIVER FUNCTION TEST ABNORMAL,18,1.07345296509174
Irvingia gabonensis,ASPARTATE AMINOTRANSFERASE INCREASED,14,1.07248397379418
PLECTRANTHUS BARBATUS,ASPARTATE AMINOTRANSFERASE INCREASED,8,1.07158566707293
APIS MELLIFERA,URTICARIA,8,1.07154780296531
Molybdenum,HAEMATOCHEZIA,74,1.07043489721182
Phenylalanine,MYOCARDIAL INFARCTION,6,1.07020671473433
Green Coffee,HEPATIC FUNCTION ABNORMAL,5,1.06644164120668
PLECTRANTHUS BARBATUS,ALANINE AMINOTRANSFERASE INCREASED,8,1.0616244927711
FREE PLANT STEROLS,RENAL DISORDER,11,1.05850052096713
HYDROXAGEN PLUS   <P CLASS='INDENT01B' DATA-INGID='15985'>GARCINIA CAMBOGIA EXTRACT(STANDARDIZED FOR 5% ROSAVINS);</P>,JAUNDICE,21,1.04810184789094
HYDROXYTEA   <P CLASS='INDENT01B' DATA-INGID='16160'>GREEN TEA EXTRACT(STANDARDIZED FOR 5% GINGEROLS);</P><P CLASS='INDENT01B' DATA-INGID='8782'>RASPBERRY KETONE;</P><P CLASS='INDENT01B' DATA-INGID='18405'>QUERCETIN DIHYDRATE (AS FAVA D'ANTA);</P>,JAUNDICE,21,1.04810184789094
"1-[(2E,4E)-5-(1,3-BENZODIOXOL-5-YL)-1-OXO-2,4-PENTADIENYL]PIPERIDINE",URTICARIA,7,1.04772937220975
Selenium,PENILE HAEMORRHAGE,6,1.04368618613237
Phenylalanine,CONVULSION,8,1.04344310378469
Green Tea,DEHYDRATION,14,1.04325743599335
Schisandra,URTICARIA,10,1.04324441939064
Caffeine,CARDIAC DISORDER,13,1.04034592568246
L-Citrulline,CHEST PAIN,15,1.03779631840868
Boron,RECTAL HAEMORRHAGE,18,1.03450965656313
Chromium,UROGENITAL HAEMORRHAGE,7,1.03342233484699
Molybdenum,PROSTATIC DISORDER,9,1.02512919385948
Boron,PROSTATIC SPECIFIC ANTIGEN INCREASED,6,1.01347142771166
(BETA-HYDROXYETHYL)TRIMETHYLAMMONIUM,HAIR GROWTH ABNORMAL,9,1.00598870401311
Tyrosine,RHABDOMYOLYSIS,6,1.0059053820453
Zinc,HAEMATOSPERMIA,10,1.00474703965772
CARROT,ABDOMINAL PAIN,5,1.00435166661418
EXCLUSIVE BLEND   <P CLASS='INDENT01B' DATA-INGID='10361'>MILK THISTLE EXTRACT (SEED);</P><P CLASS='INDENT01B' DATA-INGID='5169'>INULIN;</P><P CLASS='INDENT01B' DATA-INGID='6436'>BEET ROOT POWDER (ROOT);</P><P CLASS='INDENT01B' DATA-INGID='10482'>LACTOBACILLUS ACIDOPHILUS (LACTOBACILLUS ACIDOPHILUS);</P><P CLASS='INDENT01B' DATA-INGID='10454'>HESPERIDIN COMPLEX (PEEL AND PULP);</P><P CLASS='INDENT01B' DATA-INGID='5254'>APPLE PECTIN;</P><P CLASS='INDENT01B' DATA-INGID='10484'>LEMON PECTIN;</P><P CLASS='INDENT01B' DATA-INGID='10346'>CHAMOMILE POWDERED EXTRACT (FLOWER);</P>,ABDOMINAL PAIN,5,1.00435166661418
Zinc,PROSTATOMEGALY,27,0.997412139924566
CAPSICUM ANNUUM VAR. ANNUUM,URTICARIA,7,0.991903665535189
L-Arginine,TACHYCARDIA,9,0.988961298409662
Capsicum,RHABDOMYOLYSIS,6,0.988569289581099
FREE PLANT STEROLS,BLOOD PRESSURE FLUCTUATION,6,0.985850855679345
Bitter Orange,HEPATIC ENZYME INCREASED,6,0.979324652750728
White Mulberry,HEPATIC ENZYME INCREASED,7,0.977568414009297
Strawberry,DIARRHOEA,7,0.975302212149287
Shark Cartilage,ALOPECIA,5,0.971412343719749
Caffeine,CARDIAC ARREST,7,0.965702819960732
Zinc,URINARY RETENTION,34,0.964328460160403
Cocoa,DEHYDRATION,10,0.959703344949941
Silicon,RENAL FAILURE,15,0.953710886151806
Chromium,PROSTATOMEGALY,23,0.950142503278754
Boron,PROSTATE CANCER,8,0.93877137793986
Boron,URINARY TRACT INFECTION,17,0.936912583327786
Hesperidin,ALOPECIA,22,0.935245604105205
Yohimbe,CHEST PAIN,9,0.932136838669774
FREE PLANT STEROLS,THROMBOSIS,11,0.931979639164975
Boron,DYSURIA,18,0.930040160227656
Boron,CEREBROVASCULAR ACCIDENT,31,0.926810107333349
BLACK PEPPER,DEHYDRATION,6,0.916488086238242
Betaine Hydrochloride,URTICARIA,10,0.914560143792419
FREE PLANT STEROLS,CARDIAC DISORDER,10,0.910785101130737
Boron,RENAL FAILURE,17,0.909095567729048
Garcinia,CHROMATURIA,10,0.902757659403585
Molybdenum,GASTRIC HAEMORRHAGE,8,0.891413757849272
Tribulus,URTICARIA,7,0.88880767833635
Taurine,CONVULSION,15,0.882701729402628
HYDROXAGEN PLUS   <P CLASS='INDENT01B' DATA-INGID='15985'>GARCINIA CAMBOGIA EXTRACT(STANDARDIZED FOR 5% ROSAVINS);</P>,BLOOD ALKALINE PHOSPHATASE INCREASED,9,0.880189995070867
HYDROXYTEA   <P CLASS='INDENT01B' DATA-INGID='16160'>GREEN TEA EXTRACT(STANDARDIZED FOR 5% GINGEROLS);</P><P CLASS='INDENT01B' DATA-INGID='8782'>RASPBERRY KETONE;</P><P CLASS='INDENT01B' DATA-INGID='18405'>QUERCETIN DIHYDRATE (AS FAVA D'ANTA);</P>,BLOOD ALKALINE PHOSPHATASE INCREASED,9,0.880189995070867
FREE PLANT STEROLS,MYOCARDIAL INFARCTION,18,0.877589603689214
Chromium,HEPATOCELLULAR INJURY,10,0.871265798297151
FREE PLANT STEROLS,RENAL FAILURE,12,0.86696321304827
Irvingia gabonensis,ALANINE AMINOTRANSFERASE INCREASED,12,0.865025657063813
Tomato,ABDOMINAL PAIN,15,0.86450260123033
CALCAREA MURIATICA,REMOVAL OF FOREIGN BODY FROM THROAT,9,0.864335573238975
Selenium,HAEMORRHAGE,87,0.863961323148869
Borage,ALOPECIA,14,0.863509394677075
CALCAREA MURIATICA,FOREIGN BODY TRAUMA,39,0.859253391372446
Silicon,RENAL DISORDER,11,0.858622481370109
Tomato,DIARRHOEA,23,0.849884135293231
Silicon,THROMBOSIS,12,0.845743242393971
Policosanol,URTICARIA,8,0.827926250822762
FREE PLANT STEROLS,INFECTION,9,0.820154098509874
CHLORIDE (ION),VOMITING,8,0.808929373058492
Silicon,MYOCARDIAL INFARCTION,20,0.808261402833882
Cassia Cinnamon,MUSCLE SPASMS,12,0.806546883597374
Oolong Tea,PANCREATITIS,10,0.804432329471404
Garcinia,ASPARTATE AMINOTRANSFERASE INCREASED,13,0.796663517664165
FREE PLANT STEROLS,BLOOD GLUCOSE INCREASED,13,0.792145167972944
Methionine,ALOPECIA,47,0.791654909705945
Selenium,HAEMATOCHEZIA,83,0.788827064195609
Maca,URTICARIA,10,0.776505173995501
Caffeine,CONVULSION,28,0.775674152170044
Molybdenum,HOSPITALISATION,26,0.767893977299757
CALCAREA MURIATICA,DYSPHAGIA,50,0.76505929709184
HYDROXAGEN PLUS   <P CLASS='INDENT01B' DATA-INGID='15985'>GARCINIA CAMBOGIA EXTRACT(STANDARDIZED FOR 5% ROSAVINS);</P>,BLOOD BILIRUBIN INCREASED,13,0.763631337626669
HYDROXYTEA   <P CLASS='INDENT01B' DATA-INGID='16160'>GREEN TEA EXTRACT(STANDARDIZED FOR 5% GINGEROLS);</P><P CLASS='INDENT01B' DATA-INGID='8782'>RASPBERRY KETONE;</P><P CLASS='INDENT01B' DATA-INGID='18405'>QUERCETIN DIHYDRATE (AS FAVA D'ANTA);</P>,BLOOD BILIRUBIN INCREASED,13,0.763631337626669
Chitosan,DEHYDRATION,19,0.763194868284277
Silicon,INFECTION,10,0.760879778014514
Green Coffee,CHROMATURIA,10,0.754564305447072
Tyrosine,CONVULSION,16,0.748776611242864
Pantothenic Acid,BLOOD URINE PRESENT,202,0.747209689969513
Boron,THROMBOSIS,13,0.746497633519754
CALCAREA MURIATICA,THROAT IRRITATION,18,0.726850157783244
Theanine,ASPARTATE AMINOTRANSFERASE INCREASED,11,0.719728561133472
Chromium,HAEMATOCHEZIA,83,0.715521304905477
Theanine,ALANINE AMINOTRANSFERASE INCREASED,11,0.709754797225779
Muira Puama,CHEST PAIN,13,0.698924899025646
Alfalfa,DEHYDRATION,14,0.696622057747028
Potassium,HEPATIC FUNCTION ABNORMAL,13,0.695063400351532
BIFIDOBACTERIUM ANIMALIS SUBSP. LACTIS,ALOPECIA,33,0.690348906927825
Chlorella,DIARRHOEA,12,0.685791465812476
Molybdenum,RECTAL HAEMORRHAGE,25,0.68545994105036
Garcinia,ALANINE AMINOTRANSFERASE INCREASED,12,0.683805080112051
Alpha-Lipoic Acid,HEPATIC ENZYME INCREASED,22,0.679645473432837
Zinc,HAEMORRHAGE,90,0.672719116113028
LACTOBACILLUS DELBRUECKII SUBSP. BULGARICUS,ALOPECIA,16,0.670544220772319
HYDROXAGEN PLUS   <P CLASS='INDENT01B' DATA-INGID='15985'>GARCINIA CAMBOGIA EXTRACT(STANDARDIZED FOR 5% ROSAVINS);</P>,FATIGUE,29,0.668616217832382
HYDROXYTEA   <P CLASS='INDENT01B' DATA-INGID='16160'>GREEN TEA EXTRACT(STANDARDIZED FOR 5% GINGEROLS);</P><P CLASS='INDENT01B' DATA-INGID='8782'>RASPBERRY KETONE;</P><P CLASS='INDENT01B' DATA-INGID='18405'>QUERCETIN DIHYDRATE (AS FAVA D'ANTA);</P>,FATIGUE,29,0.668616217832382
LACTOBACILLUS PARACASEI,ALOPECIA,33,0.664789038961453
Androstenedione,COELIAC DISEASE,13,0.654493029386402
Chromium,HAEMORRHAGE,77,0.649272677129069
BIFIDOBACTERIUM LONGUM SUBSP. LONGUM,ALOPECIA,33,0.646450672191422
Fructo-Oligosaccharides,ALOPECIA,16,0.642582364300188
WITHANIA SOMNIFERA,NAUSEA,18,0.642226590297493
Molybdenum,DYSURIA,26,0.628123059736803
LACTOBACILLUS GASSERI,ALOPECIA,16,0.626947985396024
Zinc,HAEMATOCHEZIA,88,0.625999888930244
Vitamin D,BLOOD URINE PRESENT,199,0.618969451643224
Biotin,ALOPECIA,299,0.611630051176629
Chromium,HOSPITALISATION,34,0.608174067802159
BIFIDOBACTERIUM BREVE,ALOPECIA,33,0.607566828570667
LACTOBACILLUS CASEI,ALOPECIA,33,0.598076910908889
Tyrosine,ASPARTATE AMINOTRANSFERASE INCREASED,15,0.595767728133169
Selenium,HOSPITALISATION,31,0.56894947050706
Caffeine,ASPARTATE AMINOTRANSFERASE INCREASED,25,0.566991602224417
Vitamin B12,CHEMICAL INJURY,21,0.563145773222487
(BETA-HYDROXYETHYL)TRIMETHYLAMMONIUM,ALOPECIA,65,0.562518711981319
LACTOBACILLUS RHAMNOSUS,ALOPECIA,33,0.553433529419356
LACTOBACILLUS PLANTARUM,ALOPECIA,33,0.550426685215437
Boron,MYOCARDIAL INFARCTION,19,0.54174662945273
Biotin,HAIR GROWTH ABNORMAL,22,0.526220161134323
FREE PLANT STEROLS,BLOOD PRESSURE INCREASED,46,0.52316346503042
Tyrosine,HEART RATE INCREASED,23,0.517568848818919
Inositol,ALOPECIA,76,0.497954187604475
Molybdenum,CEREBROVASCULAR ACCIDENT,40,0.472474664352631
Pantothenic Acid,URINARY RETENTION,36,0.461829910984592
Potassium,CHROMATURIA,30,0.449934951648692
Vitamin D,CHOKING,306,0.42808665969008
Caffeine,HEART RATE INCREASED,36,0.392305907212217
FISH OIL,FOREIGN BODY TRAUMA,70,0.383199077939801
Selenium,CEREBROVASCULAR ACCIDENT,52,0.366404233366969
Silicon,BLOOD PRESSURE INCREASED,47,0.347686078405886
FISH OIL,DYSPHAGIA,94,0.330314318904097
Pantothenic Acid,HAEMATOCHEZIA,111,0.320827227022459
FISH OIL,CHOKING,124,0.311216754556828
Androstenedione,ALOPECIA,102,0.308475079861515
Iron,ALOPECIA,189,0.299917973930318
Vitamin C,CHOKING,204,0.296645872280838
BRASSICA OLERACEA VAR. ITALICA,ALOPECIA,102,0.28851497399747
Vitamin C,FOREIGN BODY TRAUMA,105,0.277963872057735
Vitamin D,FOREIGN BODY TRAUMA,139,0.275517653777765
Pantothenic Acid,HAEMORRHAGE,103,0.255003238311737
NIACINAMIDE,ALOPECIA,150,0.252924007090303
Vitamin D,HAEMATOCHEZIA,115,0.251161113746585
Riboflavin,ALOPECIA,197,0.247224584140696
Vitamin C,DYSPHAGIA,144,0.241658086144261
Vitamin D,DYSPHAGIA,191,0.236784699352598
Thiamine,ALOPECIA,195,0.236199427834292
Vitamin B12,DYSPHAGIA,117,0.235754901329583
Vitamin E,ALOPECIA,352,0.227048661697666
Vitamin B12,ALOPECIA,287,0.213564599156833
Pantothenic Acid,CHOKING,229,0.211884802300871
Vitamin A,ALOPECIA,177,0.208613381593204
Folic Acid,ALOPECIA,232,0.205490855669346
Manganese,ALOPECIA,233,0.175412132859338
Vitamin C,ALOPECIA,331,0.140955743302294
Vitamin D,ALOPECIA,444,0.138928299657516
