ingredient,adverse_event,count,ROR05
CALCIUM/POTASSIUM SALT OF HYDROXYCITRIC ACID,ELEVATED MOOD,3,4.59603597508101
CALCIUM-POTASSIUM SALT OF (-)-HYDROXYCITRIC ACID,ELEVATED MOOD,3,4.57828582380552
(4-AMINOBUTYL)GUANIDINIUM SULPHATE,HYPERTHERMIA,3,3.74485917174794
D-GLUCURONO-GAMMA-LACTONE,HEART RATE ABNORMAL,3,3.66526882321912
Creatine,GLOMERULAR FILTRATION RATE DECREASED,3,3.56236329556914
Irvingia gabonensis,ELEVATED MOOD,3,3.39472678599076
MIXED STEROLS,DYSURIA,8,3.37516101659574
WITH PYGEUM,DYSURIA,8,3.37516101659574
Citicoline,VITAMIN B12 INCREASED,3,3.36673848415483
PIPER NIGRUM,ELEVATED MOOD,3,3.29708204936117
SUGARS,HEPATIC CIRRHOSIS,6,3.2601848537931
Garcinia,ELEVATED MOOD,3,3.21409747406796
Malic Acid,VITAMIN B12 INCREASED,3,3.14968421552329
FREE PLANT STEROLS,BLOOD URINE PRESENT,174,3.05596454005039
Citicoline,DEATH,6,3.0454477585555
HYDROXAGEN PLUS   <P CLASS='INDENT01B' DATA-INGID='15985'>GARCINIA CAMBOGIA EXTRACT(STANDARDIZED FOR 5% ROSAVINS);</P>,HEPATOCELLULAR INJURY,9,3.01303947100904
HYDROXYTEA   <P CLASS='INDENT01B' DATA-INGID='16160'>GREEN TEA EXTRACT(STANDARDIZED FOR 5% GINGEROLS);</P><P CLASS='INDENT01B' DATA-INGID='8782'>RASPBERRY KETONE;</P><P CLASS='INDENT01B' DATA-INGID='18405'>QUERCETIN DIHYDRATE (AS FAVA D'ANTA);</P>,HEPATOCELLULAR INJURY,9,3.01303947100904
"(2R)-2-(ACETYLOXY)-3-CARBOXY-N,N,N-TRIMETHYL-1-PROPANAMINIUM INNER SALT",PSYCHOTIC DISORDER,3,3.00132149735589
Vitamin B12,ONYCHOMYCOSIS,14,2.99458238609014
CALCIUM/POTASSIUM SALT OF HYDROXYCITRIC ACID,DRUG-INDUCED LIVER INJURY,4,2.96318368951587
CALCIUM-POTASSIUM SALT OF (-)-HYDROXYCITRIC ACID,DRUG-INDUCED LIVER INJURY,4,2.94536484577745
D-GLUCURONOLACTONE,VITAMIN B12 INCREASED,3,2.9219820899443
CITRUS PARADISI,ACUTE HEPATIC FAILURE,3,2.92192259050295
HYDROXAGEN PLUS   <P CLASS='INDENT01B' DATA-INGID='15985'>GARCINIA CAMBOGIA EXTRACT(STANDARDIZED FOR 5% ROSAVINS);</P>,HYPERBILIRUBINAEMIA,3,2.90151815120554
HYDROXYTEA   <P CLASS='INDENT01B' DATA-INGID='16160'>GREEN TEA EXTRACT(STANDARDIZED FOR 5% GINGEROLS);</P><P CLASS='INDENT01B' DATA-INGID='8782'>RASPBERRY KETONE;</P><P CLASS='INDENT01B' DATA-INGID='18405'>QUERCETIN DIHYDRATE (AS FAVA D'ANTA);</P>,HYPERBILIRUBINAEMIA,3,2.90151815120554
Boswellia,HEPATITIS ACUTE,3,2.83931266492148
Silicon,BLOOD URINE PRESENT,174,2.83518325348116
Malic Acid,DEATH,6,2.82457295214159
FREE PLANT STEROLS,HAEMATOSPERMIA,10,2.81091872518721
(4-AMINOBUTYL)GUANIDINIUM SULPHATE,BLOOD CREATINE PHOSPHOKINASE INCREASED,6,2.77949785365004
TOTAL CARBOHYDRATES,HEPATIC CIRRHOSIS,6,2.74121611346819
Indian Gooseberry,EMERGENCY CARE EXAMINATION,3,2.7394088683396
Beta-Sitosterol,DYSURIA,8,2.68711554177248
FREE PLANT STEROLS,UROGENITAL HAEMORRHAGE,7,2.68097333805817
Boron,BLOOD URINE PRESENT,176,2.62939043544863
L-Citrulline,HYPERTHERMIA,3,2.62630414716543
FREE PLANT STEROLS,PENILE HAEMORRHAGE,6,2.61749848973455
N-(AMINOIMINOMETHYL)-N-METHYLGLYCINE,BLOOD CREATINE PHOSPHOKINASE INCREASED,4,2.61189612925849
Silicon,HAEMATOSPERMIA,10,2.6105802658719
D-GLUCURONOLACTONE,DEATH,6,2.59367614829611
FREE PLANT STEROLS,URINARY RETENTION,29,2.58204706623936
CALCIUM/POTASSIUM SALT OF HYDROXYCITRIC ACID,BIOPSY LIVER ABNORMAL,3,2.53763600822093
CALCIUM-POTASSIUM SALT OF (-)-HYDROXYCITRIC ACID,BIOPSY LIVER ABNORMAL,3,2.51989580018641
CALCIUM/POTASSIUM SALT OF HYDROXYCITRIC ACID,LIPASE INCREASED,3,2.49897852906552
Pomegranate,THYROIDITIS ACUTE,3,2.49437075586507
CALCIUM/POTASSIUM SALT OF HYDROXYCITRIC ACID,SOMNOLENCE,6,2.49298119130122
CALCIUM-POTASSIUM SALT OF (-)-HYDROXYCITRIC ACID,LIPASE INCREASED,3,2.48123837711993
Silicon,UROGENITAL HAEMORRHAGE,7,2.48093622955768
PLECTRANTHUS BARBATUS,EMOTIONAL DISTRESS,6,2.47852638874812
CALCIUM-POTASSIUM SALT OF (-)-HYDROXYCITRIC ACID,SOMNOLENCE,6,2.47499587676802
DRIED BLACK PEPPER EXTRACT,OEDEMA,3,2.46717766305095
Phenylalanine,VITAMIN B12 INCREASED,3,2.45843295201501
Carrageenan,PHOTOPHOBIA,3,2.44710692069204
Silicon,URINARY RETENTION,30,2.4225113506488
Silicon,PENILE HAEMORRHAGE,6,2.4175589632837
Creatine,BLOOD CREATINE PHOSPHOKINASE INCREASED,6,2.41431172779362
Boron,HAEMATOSPERMIA,10,2.40726013871695
Creatine,RHABDOMYOLYSIS,5,2.39620214165701
Caffeine,METABOLIC ACIDOSIS,5,2.39592351915525
MARINE LIPID COMPLEX,OEDEMA,3,2.37889172055752
(4-AMINOBUTYL)GUANIDINIUM SULPHATE,CARDIAC ARREST,3,2.3768673967589
Rhodiola,HYPERTHERMIA,3,2.37478317981623
PLECTRANTHUS BARBATUS,INJURY,4,2.36031195750771
FREE PLANT STEROLS,PROSTATOMEGALY,19,2.35938864433249
CALAMARINE OIL CONCENTRATE,BLOOD PRESSURE INCREASED,3,2.34646978351931
Rhodiola,TROPONIN I INCREASED,3,2.34566304422674
"(2R)-2-(ACETYLOXY)-3-CARBOXY-N,N,N-TRIMETHYL-1-PROPANAMINIUM INNER SALT",AGGRESSION,3,2.30964869489924
Boron,UROGENITAL HAEMORRHAGE,7,2.27786611536313
Citicoline,TRANSIENT ISCHAEMIC ATTACK,3,2.27482983439423
Malic Acid,SLEEP DISORDER,3,2.26297260149557
Tyrosine,METABOLIC ACIDOSIS,3,2.24871454890419
CINNAMOMUM BURMANNII,BLOOD CREATINE PHOSPHOKINASE INCREASED,4,2.2339878178129
SUGAR,RASH,3,2.23304074249857
Silicon,PROSTATOMEGALY,20,2.22431339130395
Boron,URINARY RETENTION,30,2.21741302261331
Boron,PENILE HAEMORRHAGE,6,2.21456983908695
FREE PLANT STEROLS,PROSTATIC DISORDER,9,2.18620477859577
FREE PLANT STEROLS,HAEMORRHAGE,68,2.18549015442157
DHEA,AGGRESSION,3,2.16987826013787
ROSMARINUS OFFICINALIS,HEPATIC FAILURE,3,2.16023235492308
Phenylalanine,DEATH,6,2.12551630463257
Wine,METABOLIC ACIDOSIS,3,2.12510945941517
CALORIES,URINE URIC ACID ABNORMAL,3,2.10799127703441
PHOSPHORE,PRODUCTIVE COUGH,3,2.09639433238151
Vitamin B12,NAIL INJURY,14,2.07527020267965
Black Cohosh,DRUG-INDUCED LIVER INJURY,3,2.05866166783051
CALCIUM/POTASSIUM SALT OF HYDROXYCITRIC ACID,IRRITABILITY,4,2.05376037749291
FREE PLANT STEROLS,GASTRIC HAEMORRHAGE,8,2.05197189184091
Parsley,YELLOW SKIN,3,2.05143012675526
SUPERCITRIMAX GARCINIA CAMBOGIA [FRUIT RIND] EXTRACT,RASH,3,2.0465775394012
CALCAREA MURIATICA,HIP FRACTURE,3,2.04295826062651
Red Clover,LIVER FUNCTION TEST ABNORMAL,3,2.04282598425158
CALCIUM-POTASSIUM SALT OF (-)-HYDROXYCITRIC ACID,IRRITABILITY,4,2.03594286886843
L-Arginine,HYPERTHERMIA,3,2.03510655114023
HYDROXAGEN PLUS   <P CLASS='INDENT01B' DATA-INGID='15985'>GARCINIA CAMBOGIA EXTRACT(STANDARDIZED FOR 5% ROSAVINS);</P>,CARDIAC ENZYMES INCREASED,3,2.02576256565615
HYDROXYTEA   <P CLASS='INDENT01B' DATA-INGID='16160'>GREEN TEA EXTRACT(STANDARDIZED FOR 5% GINGEROLS);</P><P CLASS='INDENT01B' DATA-INGID='8782'>RASPBERRY KETONE;</P><P CLASS='INDENT01B' DATA-INGID='18405'>QUERCETIN DIHYDRATE (AS FAVA D'ANTA);</P>,CARDIAC ENZYMES INCREASED,3,2.02576256565615
Hawthorn,ABASIA,3,2.02424510206522
Irvingia gabonensis,CHOLECYSTITIS,4,2.02336182854516
Boron,PROSTATOMEGALY,20,2.02012727967388
Silicon,HAEMORRHAGE,69,1.99603623666113
Gelatin,THYROID FUNCTION TEST ABNORMAL,3,1.99541003524421
FREE PLANT STEROLS,HAEMATOCHEZIA,59,1.99449525020224
HYDROXAGEN PLUS   <P CLASS='INDENT01B' DATA-INGID='15985'>GARCINIA CAMBOGIA EXTRACT(STANDARDIZED FOR 5% ROSAVINS);</P>,HEPATIC FUNCTION ABNORMAL,10,1.99205443728669
HYDROXYTEA   <P CLASS='INDENT01B' DATA-INGID='16160'>GREEN TEA EXTRACT(STANDARDIZED FOR 5% GINGEROLS);</P><P CLASS='INDENT01B' DATA-INGID='8782'>RASPBERRY KETONE;</P><P CLASS='INDENT01B' DATA-INGID='18405'>QUERCETIN DIHYDRATE (AS FAVA D'ANTA);</P>,HEPATIC FUNCTION ABNORMAL,10,1.99205443728669
N-(AMINOIMINOMETHYL)-N-METHYLGLYCINE MONOHYDRATE,BLOOD CREATINE PHOSPHOKINASE INCREASED,6,1.99153655026239
Citicoline,MYOCARDIAL INFARCTION,6,1.99105069676115
Malic Acid,MYOCARDIAL INFARCTION,7,1.98992909624374
Methionine,PARTIAL SEIZURES,3,1.98954877447441
Silicon,PROSTATIC DISORDER,9,1.98597649057635
GREEN TEA LEAF EXTRACT,PARANOIA,4,1.98318579999691
Citicoline,CONVULSION,8,1.97540928935625
Creatine,BLOOD CREATININE INCREASED,4,1.96464359276094
Hyssop,DEHYDRATION,9,1.96178894568051
CALORIES,BRAIN INJURY,3,1.94928503040854
MIXED STEROLS,RENAL FAILURE,3,1.94471883478202
WITH PYGEUM,RENAL FAILURE,3,1.94471883478202
Boron,PROSTATIC DISORDER,10,1.92830441932027
Muira Puama,EMOTIONAL DISTRESS,6,1.91364301771239
SODIUM,THIRST,3,1.90635589691133
GIANT PACIFIC OYSTER,ALOPECIA,5,1.88957417279021
MALPIGHIA PUNICIFOLIA LINNE,ALOPECIA,5,1.88957417279021
Carrageenan,LETHARGY,3,1.88634038233222
(4-AMINOBUTYL)GUANIDINIUM SULPHATE,BLOOD CREATININE INCREASED,3,1.87951905321934
Baikal Skullcap,ANGER,3,1.87711533629911
"2-(3,4-DIHYDROXYPHENYL)-3,5,7-TRIHYDROXY-4H-1-BENZOPYRAN-4-ONE",PYREXIA,3,1.86941741371614
CALCIUM/POTASSIUM SALT OF HYDROXYCITRIC ACID,ASPARTATE AMINOTRANSFERASE INCREASED,10,1.86389046877541
Molybdenum,BLOOD URINE PRESENT,179,1.8534979651413
Silicon,GASTRIC HAEMORRHAGE,8,1.85184453449172
CALCIUM-POTASSIUM SALT OF (-)-HYDROXYCITRIC ACID,ASPARTATE AMINOTRANSFERASE INCREASED,10,1.8455399585001
Tomato,FEELING OF BODY TEMPERATURE CHANGE,4,1.8415086668847
"1-CARBOXY-N,N,N-TRIMETHYLMETHANAMINIUM CHLORIDE",BLOOD ELECTROLYTES DECREASED,3,1.82975060226185
B VITAMIN BLEND,MYOCARDIAL INFARCTION,3,1.82426513143539
EVODIA RUTAECARPA FRUIT EXTRACT,MYOCARDIAL INFARCTION,3,1.82426513143539
RAUWOLFIA VOMITORIA ROOT BARK EXTRACT,MYOCARDIAL INFARCTION,3,1.82426513143539
SIMPRO(R),MYOCARDIAL INFARCTION,3,1.82426513143539
SLIMPRO,MYOCARDIAL INFARCTION,3,1.82426513143539
SUPER HD NOOTROPIC & CNS SUPPORT BLEND:,MYOCARDIAL INFARCTION,3,1.82426513143539
SUPER HD THERMOSCULPTING BLEND,MYOCARDIAL INFARCTION,3,1.82426513143539
SUPER HD THERMOSCULPTING(TM) BLEND,MYOCARDIAL INFARCTION,3,1.82426513143539
SUPERHD SENSORY IMPACT BLEND,MYOCARDIAL INFARCTION,3,1.82426513143539
DRIED PINE BARK EXTRACT,CHOLECYSTITIS,3,1.81595063581422
POMEGRANATE RIND EXTRACT,CHOLECYSTITIS,3,1.81595063581422
Silicon,HAEMATOCHEZIA,60,1.80871263729497
ALLIUM SATIVUM,TYPE 2 DIABETES MELLITUS,3,1.80622567799513
Muira Puama,INJURY,4,1.79795266431966
RHODIOLA ROOT EXTRACT,CHOLECYSTITIS,3,1.7978578520544
Rhodiola,BLOOD CREATINE PHOSPHOKINASE INCREASED,8,1.79766792163842
OCIMUM BASILICUM,ABDOMINAL PAIN UPPER,3,1.79734901931106
Wheat Bran,BACTERIAL INFECTION,5,1.79239575901566
PERILLA FRUTESCENS,IRRITABILITY,3,1.79115638251229
Boron,HAEMORRHAGE,69,1.78720678766839
FREE PLANT STEROLS,HOSPITALISATION,23,1.78428950518617
Bear's Garlic,SKIN LESION,3,1.78078812674554
FREE PLANT STEROLS,SCROTAL SWELLING,3,1.78056661008344
Cranberry,ORTHOSTATIC HYPOTENSION,3,1.77596612477721
NARINGIN,HYPERHIDROSIS,4,1.76976172475229
DANDELION ROOT EXTRACT,MYOCARDIAL INFARCTION,3,1.76565020618482
Irvingia gabonensis,DRUG-INDUCED LIVER INJURY,4,1.75915176757183
BERBERIS ARISTATA ROOT BARK EXTRACT,HYPERHIDROSIS,3,1.75888488030229
Folic Acid,APOPTOSIS,3,1.75593518761025
Folic Acid,FAT TISSUE INCREASED,3,1.75593518761025
Folic Acid,HEPATIC FIBROSIS,3,1.75593518761025
Tyrosine,HYPERTHERMIA,3,1.73981113864586
"(ALL-E)-3,7-DIMETHYL-9-(2,6,6-TRIMETHYL-1-CYCLOHEXEN-1-YL)-2,4,6,8-NONATETRAEN-1-OL PALMITATE",TRICHORRHEXIS,4,1.73975395714379
FISH OIL CONCENTRATE,CHOKING,4,1.73779575985308
"1-CARBOXY-N,N,N-TRIMETHYLMETHANAMINIUM CHLORIDE",DIVERTICULITIS,3,1.73684141087238
"(R)-1,2-DITHIOLANE-3-PENTANOIC ACID",PANCREATITIS,3,1.73065991471765
Hyssop,RENAL FAILURE,3,1.72345260584679
OCIMUM BASILICUM,DIARRHOEA,4,1.72187363123479
Ashitaba,LOSS OF CONSCIOUSNESS,3,1.71952917420174
Yucca,PANCREATITIS,3,1.71558234098517
CALCIUM/POTASSIUM SALT OF HYDROXYCITRIC ACID,ALANINE AMINOTRANSFERASE INCREASED,9,1.70935603715776
Sweet Orange,HAEMOGLOBIN INCREASED,5,1.7075435958328
Theanine,EMOTIONAL DISTRESS,6,1.70240757667614
L-Citrulline,CARDIAC ARREST,4,1.70236999045282
Zizyphus,IRRITABILITY,3,1.70214149529283
Tyrosine,BLOOD CREATINE PHOSPHOKINASE INCREASED,12,1.70202306623528
BENTONITE,DEHYDRATION,6,1.69709863255313
MAGNOLIA OFFICINALIS,IRRITABILITY,3,1.69561123493455
Histidine,TACHYCARDIA,3,1.69256767939687
CALCIUM-POTASSIUM SALT OF (-)-HYDROXYCITRIC ACID,ALANINE AMINOTRANSFERASE INCREASED,9,1.69110035264701
Poria Mushroom,IRRITABILITY,3,1.68912330846329
FENUGREEK EXTRACT,HYPERHIDROSIS,3,1.68603929707361
Bilberry,BRONCHITIS,3,1.68371804614383
"RIBO-2,3,4,5-TETRAHYDROXYVALERALDEHYDE, D-",FACE OEDEMA,3,1.6763119731661
GINGKO BILOBA EXTRACT,CONVULSION,3,1.67579665450012
Glucosamine Sulfate,CHEST X-RAY ABNORMAL,3,1.67398492389704
L-THREONINE,TACHYCARDIA,3,1.66578705296748
"1-[(2E,4E)-5-(1,3-BENZODIOXOL-5-YL)-1-OXO-2,4-PENTADIENYL]PIPERIDINE",PANCREATITIS,3,1.6645310077107
PIPER NIGRUM,DRUG-INDUCED LIVER INJURY,4,1.66139834104045
PASSIONFLOWER EXTRACT,TENDERNESS,3,1.65947130634504
Boron,HAEMATOCHEZIA,63,1.65866284701198
Molybdenum,HAEMATOSPERMIA,10,1.64976009566016
L-Citrulline,BLOOD CREATINE PHOSPHOKINASE INCREASED,6,1.64913782639831
Boron,GASTRIC HAEMORRHAGE,8,1.64869947598106
PIPER NIGRUM,EMOTIONAL DISTRESS,6,1.64683481071066
N-(AMINOIMINOMETHYL)-N-METHYLGLYCINE MONOHYDRATE,RHABDOMYOLYSIS,4,1.6436268947112
LACTOBACILLUS DELBRUECKII SUBSP. BULGARICUS,SCAB,3,1.64336591549694
AMLA FRUIT EXTRACT,MYOCARDIAL INFARCTION,3,1.64092042942666
Turmeric,MULTI-ORGAN FAILURE,3,1.63875462148284
ALL-TRANS-LYCOPENE,PAIN IN JAW,3,1.63566288610161
BENTONITE,PHARYNGEAL OEDEMA,3,1.63109257895373
SHILAJIT,URTICARIA,6,1.62972552321197
Pumpkin,INTERNATIONAL NORMALISED RATIO DECREASED,3,1.62025739891294
CINNAMON BARK EXTRACT,HYPERHIDROSIS,3,1.61813958718313
Wine,HYPERTHERMIA,3,1.61620892817054
L-Arginine,BLOOD CREATINE PHOSPHOKINASE INCREASED,9,1.61603657018186
Fructo-Oligosaccharides,SCAB,3,1.61569896133111
Alpha-Alanine,MUSCLE SPASMS,3,1.61481837072506
CALORIES,THIRST,3,1.61397475917019
Yohimbe,BLOOD CREATINE PHOSPHOKINASE INCREASED,4,1.61139729419632
CAPSICUM ANNUUM VAR. ANNUUM,PANCREATITIS,3,1.60920758974894
L-Arginine,BLOOD CREATININE INCREASED,8,1.603920071226
FREE PLANT STEROLS,BLADDER DISORDER,5,1.60323218591199
LACTOBACILLUS GASSERI,SCAB,3,1.60022585898418
D-GLUCURONO-GAMMA-LACTONE,HYPERHIDROSIS,3,1.59649318299879
ROSEMARY EXTRACT,CEREBROVASCULAR ACCIDENT,4,1.59248227983916
L-Citrulline,TACHYCARDIA,9,1.58740078894508
Theanine,INJURY,4,1.58735077798425
Silicon,HOSPITALISATION,23,1.58258770082472
Parsley,HEPATIC FUNCTION ABNORMAL,3,1.58111049596295
Silicon,SCROTAL SWELLING,3,1.58090941683962
Glycine,HEPATOMEGALY,3,1.57972595861103
Willow Bark,SKIN LESION,3,1.57920510447007
WITHANIA SOMNIFERA,BLOOD ELECTROLYTES DECREASED,3,1.57910739601352
Garcinia,DRUG-INDUCED LIVER INJURY,4,1.57832938842942
Goldenseal,SKIN DISCOLOURATION,3,1.577509165008
Molybdenum,URINARY RETENTION,33,1.57528403954371
OTHER OMEGA-3 FATTY ACIDS,URTICARIA,3,1.57220898324769
Caffeine,HAEMORRHAGIC STROKE,3,1.56690592453331
Neem,HYPERSENSITIVITY,3,1.56651821016967
Malic Acid,CONVULSION,7,1.56423568845684
(4-AMINOBUTYL)GUANIDINIUM SULPHATE,TACHYCARDIA,4,1.55759693117941
Terminalia,URTICARIA,7,1.55102477254428
BIFIDOBACTERIUM BIFIDUM G9-1,FLATULENCE,3,1.54975552480791
BIFIDOBACTERIUM LONGUM MM-2,FLATULENCE,3,1.54975552480791
LACTOBACILLUS GASSERI KS-13,FLATULENCE,3,1.54975552480791
PERILLA FRUTESCENS,ACNE,3,1.5473022623345
Taurine,DEATH,8,1.54377526759034
D-GLUCURONOLACTONE,MYOCARDIAL INFARCTION,6,1.53931166836418
PHOSPHORE,EYE HAEMORRHAGE,3,1.53656784105437
OMEGA-3 OTHER,CHOKING,3,1.53459435158742
L-Citrulline,BLOOD CREATININE INCREASED,5,1.53424037791608
Caffeine,HYPERTHERMIA,4,1.53297424582389
PIPER NIGRUM,INJURY,4,1.53192365509181
ALL-TRANS-LYCOPENE,MUSCULOSKELETAL PAIN,4,1.52918259716661
Cassia Cinnamon,INFLUENZA,3,1.52218794096206
Molybdenum,UROGENITAL HAEMORRHAGE,7,1.52095546150789
Vitamin D,CALCIUM IONISED INCREASED,4,1.51915483299873
L-Arginine,RHABDOMYOLYSIS,7,1.51894373578724
Devil's Claw,EMOTIONAL DISTRESS,6,1.50927158815337
APIS MELLIFERA,PANCREATITIS,3,1.50696819677838
Hesperidin,SKIN EXFOLIATION,5,1.50145710547023
CALORIES,HYPERCHOLESTEROLAEMIA,4,1.50075050118753
Cocoa,BLOOD SODIUM DECREASED,3,1.49850162791395
LACTOBACILLUS SALIVARIUS,SCAB,3,1.49813243850132
Maritime Pine,CHOLECYSTITIS,3,1.49625265549223
CALCIUM/POTASSIUM SALT OF HYDROXYCITRIC ACID,PANCREATITIS,3,1.48890885971825
Tyrosine,DEATH,9,1.4885272650643
Policosanol,FACE OEDEMA,3,1.48786429416783
Taurine,VITAMIN B12 INCREASED,3,1.48072309164658
FREE PLANT STEROLS,HAEMORRHAGE URINARY TRACT,4,1.47387655514474
CALCIUM-POTASSIUM SALT OF (-)-HYDROXYCITRIC ACID,PANCREATITIS,3,1.47116961013961
CINNAMON BARK EXTRACT,DEHYDRATION,4,1.47051059392855
Raspberry Ketone,ASPARTATE AMINOTRANSFERASE INCREASED,4,1.46921428194731
Wheat Bran,COLITIS,4,1.46869714674572
DRIED PINE BARK EXTRACT,EAR INFECTION,3,1.46853507668333
POMEGRANATE RIND EXTRACT,EAR INFECTION,3,1.46853507668333
Black Cohosh,HEPATIC STEATOSIS,3,1.46851890025296
HYDROXAGEN PLUS   <P CLASS='INDENT01B' DATA-INGID='15985'>GARCINIA CAMBOGIA EXTRACT(STANDARDIZED FOR 5% ROSAVINS);</P>,HEPATIC NECROSIS,5,1.46349882866155
HYDROXYTEA   <P CLASS='INDENT01B' DATA-INGID='16160'>GREEN TEA EXTRACT(STANDARDIZED FOR 5% GINGEROLS);</P><P CLASS='INDENT01B' DATA-INGID='8782'>RASPBERRY KETONE;</P><P CLASS='INDENT01B' DATA-INGID='18405'>QUERCETIN DIHYDRATE (AS FAVA D'ANTA);</P>,HEPATIC NECROSIS,5,1.46349882866155
D-GLUCURONO-GAMMA-LACTONE,CONVULSION,3,1.46171811985117
Passion Flower,IRRITABILITY,3,1.45904014415463
CALORIES,HEPATIC CIRRHOSIS,6,1.45869229770271
Zizyphus,ACNE,3,1.45828810320864
Molybdenum,PENILE HAEMORRHAGE,6,1.45785023024089
Club Moss,MYOCARDIAL INFARCTION,3,1.45773386756601
Maca,CYSTITIS,3,1.45376843221228
"RIBO-2,3,4,5-TETRAHYDROXYVALERALDEHYDE, D-",PANCREATITIS,3,1.45373929423595
Caffeine,PULSE ABSENT,3,1.45366292858557
Dandelion,HEPATIC FAILURE,5,1.45294192965969
Irvingia gabonensis,HYPOKALAEMIA,4,1.45208115739984
MAGNOLIA OFFICINALIS,ACNE,3,1.45175789369911
HYDROXAGEN PLUS   <P CLASS='INDENT01B' DATA-INGID='15985'>GARCINIA CAMBOGIA EXTRACT(STANDARDIZED FOR 5% ROSAVINS);</P>,FAECES PALE,5,1.45070767297811
HYDROXYTEA   <P CLASS='INDENT01B' DATA-INGID='16160'>GREEN TEA EXTRACT(STANDARDIZED FOR 5% GINGEROLS);</P><P CLASS='INDENT01B' DATA-INGID='8782'>RASPBERRY KETONE;</P><P CLASS='INDENT01B' DATA-INGID='18405'>QUERCETIN DIHYDRATE (AS FAVA D'ANTA);</P>,FAECES PALE,5,1.45070767297811
RHODIOLA ROOT EXTRACT,EAR INFECTION,3,1.45044250619128
Indole-3-Carbinol,BURNING SENSATION,3,1.44992068673637
Cocoa,PANCREATITIS,4,1.44589524130106
Methionine,HAIR GROWTH ABNORMAL,8,1.44545543480302
Poria Mushroom,ACNE,3,1.44527001741089
FREE PLANT STEROLS,RECTAL HAEMORRHAGE,18,1.44221156494371
HYDROXAGEN PLUS   <P CLASS='INDENT01B' DATA-INGID='15985'>GARCINIA CAMBOGIA EXTRACT(STANDARDIZED FOR 5% ROSAVINS);</P>,PROTHROMBIN TIME PROLONGED,3,1.44108887568157
HYDROXYTEA   <P CLASS='INDENT01B' DATA-INGID='16160'>GREEN TEA EXTRACT(STANDARDIZED FOR 5% GINGEROLS);</P><P CLASS='INDENT01B' DATA-INGID='8782'>RASPBERRY KETONE;</P><P CLASS='INDENT01B' DATA-INGID='18405'>QUERCETIN DIHYDRATE (AS FAVA D'ANTA);</P>,PROTHROMBIN TIME PROLONGED,3,1.44108887568157
L-Arginine,CARDIAC ARREST,5,1.44096095737625
Selenium,BLOOD URINE PRESENT,181,1.44082864358817
POLY-(1->3)-N-ACELTYL-2-AMINO-2-DEOXY-3-O-BETA-D-GLUCOPYRANUROSYL-4-(OR 6-)SULFONYL-D-GALACTOSE,PHARYNGITIS,4,1.44010510119848
ILEX PARAGUARIENSIS,BLOOD CREATININE INCREASED,4,1.43859315964806
Nattokinase,BLOOD PRESSURE INCREASED,4,1.4384390088374
Berberine,HYPERHIDROSIS,3,1.43836412689216
Aloe,CHOLECYSTITIS,4,1.43819149377597
(S)-2-AMINO-3-METHYLBUTANOIC ACID,TACHYCARDIA,4,1.43549920897185
Potassium,POSTMENOPAUSAL HAEMORRHAGE,3,1.4332952520765
Caffeine,MYOGLOBIN BLOOD INCREASED,3,1.43247506822991
BLUEBERRY POWDER,CEREBROVASCULAR ACCIDENT,4,1.42921264142943
Green Coffee,HEPATOCELLULAR INJURY,3,1.42895169241901
Betaine Hydrochloride,DIVERTICULITIS,3,1.42642733536477
Artichoke,PANIC ATTACK,4,1.42325834511716
FREE PLANT STEROLS,PROSTATIC SPECIFIC ANTIGEN INCREASED,6,1.41650905719489
Green Coffee,EMOTIONAL DISTRESS,6,1.41525967144034
Glutamine,HEPATIC NECROSIS,4,1.41423212227586
Caffeine,BLOOD CREATINE PHOSPHOKINASE INCREASED,16,1.41324808460601
Caffeine,DRUG SCREEN POSITIVE,3,1.4117266434438
D-GLUCURONO-GAMMA-LACTONE,ANXIETY,3,1.40919212425386
Baikal Skullcap,IRRITABILITY,3,1.40892724083362
Caffeine,HEART RATE ABNORMAL,8,1.40654883520129
Melatonin,NIGHTMARE,3,1.40355000498049
Silicon,BLADDER DISORDER,5,1.40339700503143
TOTAL CARBOHYDRATE,BACTERIAL INFECTION,5,1.40013814631957
Senna,BLOOD ALKALINE PHOSPHATASE INCREASED,4,1.39586554713074
Phosphatidylserine,HYPOTRICHOSIS,3,1.39542713622914
VACCINIUM MACROCARPON AITON (ERICACEAE),URINARY TRACT INFECTION,4,1.3953376631238
Devil's Claw,INJURY,4,1.39468803194639
Flaxseed Oil,VITAMIN B12 INCREASED,3,1.39306909497312
Melatonin,INTERNATIONAL NORMALISED RATIO DECREASED,3,1.39050955022584
Potassium,ELEVATED MOOD,3,1.38827575321407
Papain,CHOLESTASIS,3,1.38506153504399
Molybdenum,PROSTATOMEGALY,22,1.38279175134697
Boron,SCROTAL SWELLING,3,1.3781546962405
Boron,HOSPITALISATION,23,1.37813791756643
Hyaluronic Acid,HEPATIC FUNCTION ABNORMAL,3,1.37453799443189
ACTINIDIA CHINENSIS,PALPITATIONS,4,1.37253394693775
ARGANIA SPINOSA,PALPITATIONS,4,1.37253394693775
MANGIFERA INDICA,PALPITATIONS,4,1.37253394693775
PERSEA AMERICANA,PALPITATIONS,4,1.37253394693775
Potassium,HEPATOCELLULAR INJURY,9,1.37095073182864
Wild Yam,PANCREATIC DISORDER,3,1.36888125098523
HYDROXAGEN PLUS   <P CLASS='INDENT01B' DATA-INGID='15985'>GARCINIA CAMBOGIA EXTRACT(STANDARDIZED FOR 5% ROSAVINS);</P>,HEPATITIS ACUTE,4,1.36777466583405
HYDROXYTEA   <P CLASS='INDENT01B' DATA-INGID='16160'>GREEN TEA EXTRACT(STANDARDIZED FOR 5% GINGEROLS);</P><P CLASS='INDENT01B' DATA-INGID='8782'>RASPBERRY KETONE;</P><P CLASS='INDENT01B' DATA-INGID='18405'>QUERCETIN DIHYDRATE (AS FAVA D'ANTA);</P>,HEPATITIS ACUTE,4,1.36777466583405
TOTAL CARBOHYDRATE,POISONING,7,1.36556330488899
PROTEIN,RASH MACULAR,3,1.36217907176403
Chromium,BLOOD URINE PRESENT,180,1.35938620929828
DANDELION POWDER EXTRACT,CONSTIPATION,3,1.35770992674523
PEPPERMINT POWDER,CONSTIPATION,3,1.35770992674523
Sage,ABDOMINAL DISTENSION,3,1.35495720478554
PLECTRANTHUS BARBATUS,HEPATIC FUNCTION ABNORMAL,3,1.35193905593852
(BETA-HYDROXYETHYL)TRIMETHYLAMMONIUM,HYPERTHERMIA,3,1.34817584524437
SODIUM,HYPERCHOLESTEROLAEMIA,3,1.34681738765472
Methionine,WOUND,6,1.34424469941961
Astaxanthin,AMNESIA,3,1.3428016708335
Borage,TRICHORRHEXIS,5,1.34269642624457
FREE PLANT STEROLS,PROSTATE CANCER,8,1.34245867047259
"(3R,3'R,6'R)-BETA,EPSILON-CAROTENE-3,3'-DIOL",PRODUCTIVE COUGH,3,1.34192082385237
FREE PLANT STEROLS,CEREBROVASCULAR ACCIDENT,31,1.33970683220073
Docosahexaenoic Acid,EPISTAXIS,3,1.33750727212958
Irvingia gabonensis,BIOPSY LIVER ABNORMAL,3,1.33672249541955
Cassia Cinnamon,EMOTIONAL DISTRESS,6,1.33049689819879
HYDROXAGEN PLUS   <P CLASS='INDENT01B' DATA-INGID='15985'>GARCINIA CAMBOGIA EXTRACT(STANDARDIZED FOR 5% ROSAVINS);</P>,MENTAL STATUS CHANGES,3,1.33001744956645
HYDROXYTEA   <P CLASS='INDENT01B' DATA-INGID='16160'>GREEN TEA EXTRACT(STANDARDIZED FOR 5% GINGEROLS);</P><P CLASS='INDENT01B' DATA-INGID='8782'>RASPBERRY KETONE;</P><P CLASS='INDENT01B' DATA-INGID='18405'>QUERCETIN DIHYDRATE (AS FAVA D'ANTA);</P>,MENTAL STATUS CHANGES,3,1.33001744956645
"(ALL-E)-3,7-DIMETHYL-9-(2,6,6-TRIMETHYL-1-CYCLOHEXEN-1-YL)-2,4,6,8-NONATETRAEN-1-OL PALMITATE",ALOPECIA,11,1.32453303539154
FREE PLANT STEROLS,URINARY HESITATION,8,1.3202818278519
Goji,PANCREATITIS,3,1.31920443148495
Caffeine,DEATH,13,1.31604464042021
Resveratrol,EAR INFECTION,4,1.31238769008176
CALCIUM/POTASSIUM SALT OF HYDROXYCITRIC ACID,BLOOD ALKALINE PHOSPHATASE INCREASED,4,1.30824927039906
Green Coffee,INJURY,4,1.30087547359596
Dandelion,BLOOD CHOLESTEROL INCREASED,4,1.29143848945074
CALCIUM-POTASSIUM SALT OF (-)-HYDROXYCITRIC ACID,BLOOD ALKALINE PHOSPHATASE INCREASED,4,1.29043222904792
LYCOPENE,PROSTATE CANCER,4,1.28563012111494
Irvingia gabonensis,SOMNOLENCE,6,1.28238296623152
Silicon,URINARY HESITATION,9,1.28108049395238
Zinc,BLOOD URINE PRESENT,192,1.27552684549219
Silicon,HAEMORRHAGE URINARY TRACT,4,1.27413357987836
FREE PLANT STEROLS,URINARY TRACT INFECTION,16,1.26694048582038
HYDROXAGEN PLUS   <P CLASS='INDENT01B' DATA-INGID='15985'>GARCINIA CAMBOGIA EXTRACT(STANDARDIZED FOR 5% ROSAVINS);</P>,INJURY,4,1.2601754303996
HYDROXYTEA   <P CLASS='INDENT01B' DATA-INGID='16160'>GREEN TEA EXTRACT(STANDARDIZED FOR 5% GINGEROLS);</P><P CLASS='INDENT01B' DATA-INGID='8782'>RASPBERRY KETONE;</P><P CLASS='INDENT01B' DATA-INGID='18405'>QUERCETIN DIHYDRATE (AS FAVA D'ANTA);</P>,INJURY,4,1.2601754303996
SODIUM,BACTERIAL INFECTION,5,1.2562292030464
Ribose,DEHYDRATION,6,1.25285205461001
Alfalfa,BLOOD SODIUM DECREASED,4,1.24712756420271
Silicon,RECTAL HAEMORRHAGE,18,1.24105242170108
Siberian Ginseng,BLOOD PRESSURE,4,1.23611481901455
Selenium,HAEMATOSPERMIA,10,1.23542908537266
Glucomannan,BLOOD ALKALINE PHOSPHATASE INCREASED,4,1.23323355928377
Selenium,URINARY RETENTION,35,1.23321348848681
PIPER NIGRUM,ASPARTATE AMINOTRANSFERASE INCREASED,17,1.2286374247796
Apple Cider Vinegar,DEHYDRATION,7,1.22688425824091
PIPER NIGRUM,BLOOD CREATINE PHOSPHOKINASE INCREASED,6,1.22529357287124
Silicon,PROSTATIC SPECIFIC ANTIGEN INCREASED,6,1.21658053069854
Cassia Cinnamon,INJURY,4,1.21627708736673
"(2R)-2-(ACETYLOXY)-3-CARBOXY-N,N,N-TRIMETHYL-1-PROPANAMINIUM INNER SALT",DYSPEPSIA,4,1.21002438641901
Silicon,DYSURIA,19,1.20441566255226
Boron,BLADDER DISORDER,5,1.20049444451297
HYDROXAGEN PLUS   <P CLASS='INDENT01B' DATA-INGID='15985'>GARCINIA CAMBOGIA EXTRACT(STANDARDIZED FOR 5% ROSAVINS);</P>,RHABDOMYOLYSIS,6,1.19978788759715
HYDROXYTEA   <P CLASS='INDENT01B' DATA-INGID='16160'>GREEN TEA EXTRACT(STANDARDIZED FOR 5% GINGEROLS);</P><P CLASS='INDENT01B' DATA-INGID='8782'>RASPBERRY KETONE;</P><P CLASS='INDENT01B' DATA-INGID='18405'>QUERCETIN DIHYDRATE (AS FAVA D'ANTA);</P>,RHABDOMYOLYSIS,6,1.19978788759715
Horny Goat Weed,CHEST PAIN,10,1.19791951675192
CORIANDRUM SATIVUM,DIARRHOEA,6,1.19531142540488
Ginkgo,DYSARTHRIA,4,1.19009502538393
Cranberry,DYSPHONIA,6,1.18473535332444
PIPER NIGRUM,SOMNOLENCE,6,1.18436877670098
GADUS MORHUA,THROAT TIGHTNESS,4,1.18122599342359
Tyrosine,EMOTIONAL DISTRESS,6,1.18084601856049
Caffeine,RHABDOMYOLYSIS,11,1.17570611056806
Iron,PREMATURE BABY,8,1.17395725970369
Cabbage,DIARRHOEA,37,1.17301490586278
COD LIVER OIL,EMOTIONAL DISTRESS,4,1.16835106746376
NARINGIN,DEHYDRATION,4,1.16601659913337
Capsicum,EMOTIONAL DISTRESS,6,1.16348806816497
Chromium,HAEMATOSPERMIA,10,1.16213901440582
Grape,FOOD POISONING,4,1.15856928817942
Vinpocetine,HEART RATE INCREASED,5,1.15518224429202
HYDROXAGEN PLUS   <P CLASS='INDENT01B' DATA-INGID='15985'>GARCINIA CAMBOGIA EXTRACT(STANDARDIZED FOR 5% ROSAVINS);</P>,CHROMATURIA,14,1.15475836261855
HYDROXYTEA   <P CLASS='INDENT01B' DATA-INGID='16160'>GREEN TEA EXTRACT(STANDARDIZED FOR 5% GINGEROLS);</P><P CLASS='INDENT01B' DATA-INGID='8782'>RASPBERRY KETONE;</P><P CLASS='INDENT01B' DATA-INGID='18405'>QUERCETIN DIHYDRATE (AS FAVA D'ANTA);</P>,CHROMATURIA,14,1.15475836261855
CALCAREA MURIATICA,CHOKING,92,1.15443874465106
Caffeine,TROPONIN INCREASED,4,1.15241896036462
(BETA-HYDROXYETHYL)TRIMETHYLAMMONIUM,WOUND,8,1.14769052632351
Aloe,GASTROINTESTINAL INFLAMMATION,4,1.14671736038043
GINGER ROOT EXTRACT,HAEMATEMESIS,4,1.14362045189887
Silicon,URINARY TRACT INFECTION,17,1.14297328621658
Silicon,PROSTATE CANCER,8,1.14233591124095
Capsicum,BLOOD CREATINE PHOSPHOKINASE INCREASED,8,1.14173634746733
PIPER NIGRUM,ALANINE AMINOTRANSFERASE INCREASED,16,1.14142630737215
BLACK TEA LEAF EXTRACT,HAEMATEMESIS,4,1.14073148102753
Vitamin D,HIP FRACTURE,6,1.13804124198614
Silicon,CEREBROVASCULAR ACCIDENT,31,1.13712279295965
Aloe,GASTRITIS,7,1.13116542295688
Senna,BLOOD BILIRUBIN INCREASED,5,1.13115120073992
Molybdenum,HAEMORRHAGE,76,1.13016019174328
DANDELION POWDER EXTRACT,ABDOMINAL PAIN,5,1.12781808772264
PEPPERMINT POWDER,ABDOMINAL PAIN,5,1.12781808772264
Chromium,URINARY RETENTION,34,1.12339932179301
"(R)-1,2-DITHIOLANE-3-PENTANOIC ACID",URTICARIA,7,1.12011144883321
Branched-chain Amino Acids,TACHYCARDIA,6,1.11784264269874
D-GLUCURONOLACTONE,CONVULSION,6,1.11385378470859
Cocoa,URTICARIA,12,1.11046854369774
WITHANIA SOMNIFERA,URTICARIA,11,1.11021433678639
Selenium,UROGENITAL HAEMORRHAGE,7,1.10680123732297
Yucca,URTICARIA,7,1.10467061268315
Garcinia,SOMNOLENCE,6,1.1010974634286
Corn Silk,VOMITING,6,1.09035439526095
HYDROXAGEN PLUS   <P CLASS='INDENT01B' DATA-INGID='15985'>GARCINIA CAMBOGIA EXTRACT(STANDARDIZED FOR 5% ROSAVINS);</P>,RENAL DISORDER,7,1.08869955424779
HYDROXYTEA   <P CLASS='INDENT01B' DATA-INGID='16160'>GREEN TEA EXTRACT(STANDARDIZED FOR 5% GINGEROLS);</P><P CLASS='INDENT01B' DATA-INGID='8782'>RASPBERRY KETONE;</P><P CLASS='INDENT01B' DATA-INGID='18405'>QUERCETIN DIHYDRATE (AS FAVA D'ANTA);</P>,RENAL DISORDER,7,1.08869955424779
PIPER NIGRUM,IRRITABILITY,5,1.0816110056752
HYDROXAGEN PLUS   <P CLASS='INDENT01B' DATA-INGID='15985'>GARCINIA CAMBOGIA EXTRACT(STANDARDIZED FOR 5% ROSAVINS);</P>,LIVER FUNCTION TEST ABNORMAL,18,1.08079731218538
HYDROXYTEA   <P CLASS='INDENT01B' DATA-INGID='16160'>GREEN TEA EXTRACT(STANDARDIZED FOR 5% GINGEROLS);</P><P CLASS='INDENT01B' DATA-INGID='8782'>RASPBERRY KETONE;</P><P CLASS='INDENT01B' DATA-INGID='18405'>QUERCETIN DIHYDRATE (AS FAVA D'ANTA);</P>,LIVER FUNCTION TEST ABNORMAL,18,1.08079731218538
Irvingia gabonensis,ASPARTATE AMINOTRANSFERASE INCREASED,14,1.07948933905493
Selenium,PROSTATOMEGALY,24,1.07896766016522
APIS MELLIFERA,URTICARIA,8,1.07831486118081
Molybdenum,HAEMATOCHEZIA,74,1.07826721028961
Boron,URINARY HESITATION,9,1.07785601762329
PLECTRANTHUS BARBATUS,ASPARTATE AMINOTRANSFERASE INCREASED,8,1.07571425829309
Phenylalanine,MYOCARDIAL INFARCTION,6,1.07117303078082
Green Coffee,HEPATIC FUNCTION ABNORMAL,5,1.06634685246024
PLECTRANTHUS BARBATUS,ALANINE AMINOTRANSFERASE INCREASED,8,1.06570107596168
FREE PLANT STEROLS,RENAL DISORDER,11,1.06011196320244
HYDROXAGEN PLUS   <P CLASS='INDENT01B' DATA-INGID='15985'>GARCINIA CAMBOGIA EXTRACT(STANDARDIZED FOR 5% ROSAVINS);</P>,JAUNDICE,21,1.05724206465527
HYDROXYTEA   <P CLASS='INDENT01B' DATA-INGID='16160'>GREEN TEA EXTRACT(STANDARDIZED FOR 5% GINGEROLS);</P><P CLASS='INDENT01B' DATA-INGID='8782'>RASPBERRY KETONE;</P><P CLASS='INDENT01B' DATA-INGID='18405'>QUERCETIN DIHYDRATE (AS FAVA D'ANTA);</P>,JAUNDICE,21,1.05724206465527
Green Tea,DEHYDRATION,14,1.05316188046183
"1-[(2E,4E)-5-(1,3-BENZODIOXOL-5-YL)-1-OXO-2,4-PENTADIENYL]PIPERIDINE",URTICARIA,7,1.0524303545018
Schisandra,URTICARIA,10,1.05182554235632
L-Citrulline,CHEST PAIN,15,1.04848317813028
Phenylalanine,CONVULSION,8,1.04704665578159
Selenium,PENILE HAEMORRHAGE,6,1.04375334350251
Caffeine,CARDIAC DISORDER,13,1.04212554775834
Boron,RECTAL HAEMORRHAGE,18,1.03705170052994
Chromium,UROGENITAL HAEMORRHAGE,7,1.03353553875852
Molybdenum,PROSTATIC DISORDER,9,1.02546229899545
Wine,CARDIAC ARREST,5,1.02136098814179
Boron,PROSTATIC SPECIFIC ANTIGEN INCREASED,6,1.01360043389344
Caffeine,ACUTE HEPATIC FAILURE,5,1.01276664498373
(BETA-HYDROXYETHYL)TRIMETHYLAMMONIUM,HAIR GROWTH ABNORMAL,9,1.00699993148286
Tyrosine,RHABDOMYOLYSIS,6,1.00615578513114
Zinc,HAEMATOSPERMIA,10,1.00498187973665
Zinc,PROSTATOMEGALY,27,0.998557307479355
CAPSICUM ANNUUM VAR. ANNUUM,URTICARIA,7,0.99588708627067
L-Arginine,TACHYCARDIA,9,0.990900081216047
Capsicum,RHABDOMYOLYSIS,6,0.988797888230011
FREE PLANT STEROLS,BLOOD PRESSURE FLUCTUATION,6,0.986008880422835
Strawberry,DIARRHOEA,7,0.985257149958646
Bitter Orange,HEPATIC ENZYME INCREASED,6,0.980319586093268
White Mulberry,HEPATIC ENZYME INCREASED,7,0.979928693111368
Chromium,PENILE HAEMORRHAGE,6,0.970495551161321
Cocoa,DEHYDRATION,10,0.966232089465687
Caffeine,CARDIAC ARREST,7,0.966022733881072
Zinc,URINARY RETENTION,34,0.965843503708856
Hesperidin,ALOPECIA,22,0.961548801313269
Silicon,RENAL FAILURE,15,0.955870584424929
Chromium,PROSTATOMEGALY,23,0.951171204928874
Boron,PROSTATE CANCER,8,0.939194546375822
Boron,URINARY TRACT INFECTION,17,0.939061254777513
Yohimbe,CHEST PAIN,9,0.93777471443982
FREE PLANT STEROLS,THROMBOSIS,11,0.933397730740048
Boron,DYSURIA,18,0.932381108462379
Boron,CEREBROVASCULAR ACCIDENT,31,0.931943157471975
Quercetin,SYNCOPE,6,0.923614287466227
Betaine Hydrochloride,URTICARIA,10,0.921071848831187
FREE PLANT STEROLS,CARDIAC DISORDER,10,0.911895818338959
Boron,RENAL FAILURE,17,0.911191394126794
Garcinia,CHROMATURIA,10,0.905234477850074
Molybdenum,GASTRIC HAEMORRHAGE,8,0.891611420396122
Tribulus,URTICARIA,7,0.891567835442801
Taurine,CONVULSION,15,0.887436486203855
Borage,ALOPECIA,14,0.882493971440627
HYDROXAGEN PLUS   <P CLASS='INDENT01B' DATA-INGID='15985'>GARCINIA CAMBOGIA EXTRACT(STANDARDIZED FOR 5% ROSAVINS);</P>,BLOOD ALKALINE PHOSPHATASE INCREASED,9,0.881689136435962
HYDROXYTEA   <P CLASS='INDENT01B' DATA-INGID='16160'>GREEN TEA EXTRACT(STANDARDIZED FOR 5% GINGEROLS);</P><P CLASS='INDENT01B' DATA-INGID='8782'>RASPBERRY KETONE;</P><P CLASS='INDENT01B' DATA-INGID='18405'>QUERCETIN DIHYDRATE (AS FAVA D'ANTA);</P>,BLOOD ALKALINE PHOSPHATASE INCREASED,9,0.881689136435962
FREE PLANT STEROLS,MYOCARDIAL INFARCTION,18,0.880913627245847
Tomato,ABDOMINAL PAIN,15,0.876792763853899
Tomato,DIARRHOEA,23,0.874438298894502
Chromium,HEPATOCELLULAR INJURY,10,0.87149326742819
Selenium,HAEMORRHAGE,87,0.869457982880607
Irvingia gabonensis,ALANINE AMINOTRANSFERASE INCREASED,12,0.869305786517471
FREE PLANT STEROLS,RENAL FAILURE,12,0.86854248301774
CALCAREA MURIATICA,FOREIGN BODY TRAUMA,39,0.865612523786534
CALCAREA MURIATICA,REMOVAL OF FOREIGN BODY FROM THROAT,9,0.864851882902823
Silicon,RENAL DISORDER,11,0.85968808900435
Silicon,THROMBOSIS,12,0.847007866512921
Policosanol,URTICARIA,8,0.831387170492304
FREE PLANT STEROLS,INFECTION,9,0.820878057731933
Methionine,ALOPECIA,47,0.814635623167635
Silicon,MYOCARDIAL INFARCTION,20,0.811268366417049
Cassia Cinnamon,MUSCLE SPASMS,12,0.809171062022656
Oolong Tea,PANCREATITIS,10,0.805207157755138
Garcinia,ASPARTATE AMINOTRANSFERASE INCREASED,13,0.800523976231581
FREE PLANT STEROLS,BLOOD GLUCOSE INCREASED,13,0.793834038469553
Selenium,HAEMATOCHEZIA,83,0.793720476783333
Maca,URTICARIA,10,0.78107739727429
Caffeine,CONVULSION,28,0.780391542896314
CALCAREA MURIATICA,DYSPHAGIA,50,0.773086500827088
Chitosan,DEHYDRATION,19,0.769755347935116
Molybdenum,HOSPITALISATION,26,0.769551571414129
HYDROXAGEN PLUS   <P CLASS='INDENT01B' DATA-INGID='15985'>GARCINIA CAMBOGIA EXTRACT(STANDARDIZED FOR 5% ROSAVINS);</P>,BLOOD BILIRUBIN INCREASED,13,0.766684278500008
HYDROXYTEA   <P CLASS='INDENT01B' DATA-INGID='16160'>GREEN TEA EXTRACT(STANDARDIZED FOR 5% GINGEROLS);</P><P CLASS='INDENT01B' DATA-INGID='8782'>RASPBERRY KETONE;</P><P CLASS='INDENT01B' DATA-INGID='18405'>QUERCETIN DIHYDRATE (AS FAVA D'ANTA);</P>,BLOOD BILIRUBIN INCREASED,13,0.766684278500008
Inositol,HAIR GROWTH ABNORMAL,9,0.766413165173315
Silicon,INFECTION,10,0.761600518294293
Green Coffee,CHROMATURIA,10,0.756244722811133
Pantothenic Acid,BLOOD URINE PRESENT,202,0.753075853141191
Tyrosine,CONVULSION,16,0.7524471933855
Boron,THROMBOSIS,13,0.747563724511942
CALCAREA MURIATICA,THROAT IRRITATION,18,0.728672449151696
Theanine,ASPARTATE AMINOTRANSFERASE INCREASED,11,0.722418200388697
Chromium,HAEMATOCHEZIA,83,0.719771423944946
Theanine,ALANINE AMINOTRANSFERASE INCREASED,11,0.712392492422518
BIFIDOBACTERIUM ANIMALIS SUBSP. LACTIS,ALOPECIA,33,0.708080637959941
Muira Puama,CHEST PAIN,13,0.70365111834107
Alfalfa,DEHYDRATION,14,0.70135742891866
Chlorella,DIARRHOEA,12,0.697487320705809
Potassium,HEPATIC FUNCTION ABNORMAL,13,0.695614663412376
Molybdenum,RECTAL HAEMORRHAGE,25,0.6868832372393
Garcinia,ALANINE AMINOTRANSFERASE INCREASED,12,0.686509150315849
Boron,INFECTION,11,0.684441483965168
LACTOBACILLUS DELBRUECKII SUBSP. BULGARICUS,ALOPECIA,16,0.683653291449666
Alpha-Lipoic Acid,HEPATIC ENZYME INCREASED,22,0.683555601912338
LACTOBACILLUS PARACASEI,ALOPECIA,33,0.681538626275793
HYDROXAGEN PLUS   <P CLASS='INDENT01B' DATA-INGID='15985'>GARCINIA CAMBOGIA EXTRACT(STANDARDIZED FOR 5% ROSAVINS);</P>,FATIGUE,29,0.678966270902093
HYDROXYTEA   <P CLASS='INDENT01B' DATA-INGID='16160'>GREEN TEA EXTRACT(STANDARDIZED FOR 5% GINGEROLS);</P><P CLASS='INDENT01B' DATA-INGID='8782'>RASPBERRY KETONE;</P><P CLASS='INDENT01B' DATA-INGID='18405'>QUERCETIN DIHYDRATE (AS FAVA D'ANTA);</P>,FATIGUE,29,0.678966270902093
Zinc,HAEMORRHAGE,90,0.676547788295062
BIFIDOBACTERIUM LONGUM SUBSP. LONGUM,ALOPECIA,33,0.662511459671076
WITHANIA SOMNIFERA,NAUSEA,18,0.658206164160377
Androstenedione,COELIAC DISEASE,13,0.655172796666096
Fructo-Oligosaccharides,ALOPECIA,16,0.65474937007916
Chromium,HAEMORRHAGE,77,0.652894012101928
LACTOBACILLUS GASSERI,ALOPECIA,16,0.638599984623324
BRASSICA OLERACEA VAR. ITALICA,COELIAC DISEASE,13,0.635215383754194
Zinc,HAEMATOCHEZIA,88,0.629533553977998
Molybdenum,DYSURIA,26,0.629517893160868
Biotin,ALOPECIA,299,0.62873877069216
Vitamin D,BLOOD URINE PRESENT,199,0.62350590617057
BIFIDOBACTERIUM BREVE,ALOPECIA,33,0.622209659942145
LACTOBACILLUS CASEI,ALOPECIA,33,0.612382248738123
Chromium,HOSPITALISATION,34,0.609407062386559
Tyrosine,ASPARTATE AMINOTRANSFERASE INCREASED,15,0.598295318820979
Tyrosine,ALANINE AMINOTRANSFERASE INCREASED,15,0.588252335823778
(BETA-HYDROXYETHYL)TRIMETHYLAMMONIUM,ALOPECIA,65,0.576983901520013
Selenium,HOSPITALISATION,31,0.570047862710994
Caffeine,ASPARTATE AMINOTRANSFERASE INCREASED,25,0.570028100565128
LACTOBACILLUS RHAMNOSUS,ALOPECIA,33,0.566194839274241
Vitamin B12,CHEMICAL INJURY,21,0.563577162286198
LACTOBACILLUS PLANTARUM,ALOPECIA,33,0.563086535963125
Boron,MYOCARDIAL INFARCTION,19,0.543275992910991
FREE PLANT STEROLS,BLOOD PRESSURE INCREASED,46,0.531449769080002
Biotin,HAIR GROWTH ABNORMAL,22,0.526824085695064
Tyrosine,HEART RATE INCREASED,23,0.522261585890775
Inositol,ALOPECIA,76,0.510382168280613
Molybdenum,CEREBROVASCULAR ACCIDENT,40,0.474446193367153
Pantothenic Acid,URINARY RETENTION,36,0.462349040846711
Potassium,CHROMATURIA,30,0.45139518403469
Vitamin D,CHOKING,306,0.43352737153222
Caffeine,HEART RATE INCREASED,36,0.39593681516945
FISH OIL,FOREIGN BODY TRAUMA,70,0.385389623437413
Selenium,CEREBROVASCULAR ACCIDENT,52,0.367870337616872
Silicon,BLOOD PRESSURE INCREASED,47,0.352443487747228
FISH OIL,DYSPHAGIA,94,0.333053927022638
Pantothenic Acid,HAEMATOCHEZIA,111,0.322344353473707
Androstenedione,ALOPECIA,102,0.315374547269832
FISH OIL,CHOKING,124,0.314820697111782
Iron,ALOPECIA,189,0.306851157591988
Vitamin C,CHOKING,204,0.300130059270354
BRASSICA OLERACEA VAR. ITALICA,ALOPECIA,102,0.294867364621455
Vitamin C,FOREIGN BODY TRAUMA,105,0.279490976124345
Vitamin D,FOREIGN BODY TRAUMA,139,0.277059134346107
NIACINAMIDE,ALOPECIA,150,0.258513422928204
Pantothenic Acid,HAEMORRHAGE,103,0.256122703822601
Riboflavin,ALOPECIA,197,0.252751946525771
Vitamin D,HAEMATOCHEZIA,115,0.252293634156376
Vitamin C,DYSPHAGIA,144,0.243598095801475
Thiamine,ALOPECIA,195,0.241436805775124
Vitamin D,DYSPHAGIA,191,0.238709289724681
Vitamin B12,DYSPHAGIA,117,0.237607288617453
Vitamin E,ALOPECIA,352,0.232159284366308
Vitamin D,HAEMORRHAGE,110,0.221498176784885
Vitamin B12,ALOPECIA,287,0.218303984812544
Pantothenic Acid,CHOKING,229,0.214251673959632
Vitamin A,ALOPECIA,177,0.213118101944073
Folic Acid,ALOPECIA,232,0.209986657968352
Manganese,ALOPECIA,233,0.179163928897458
Vitamin C,ALOPECIA,331,0.143941696355779
Vitamin D,ALOPECIA,444,0.14189990946024
